Moderate,,,,,,Critical,,,
Tim3_CTL (scale),Tim3_CD4/Treg (scale),PDCD1_CD4/Treg (scale),PDCD1_CTL (scale),,,Tim3_CTL (scale),Tim3_CD4/Treg (scale),PDCD1_CTL(scale),PDCD1_Treg (scale)
0,0,0,0,,,0,0,0,0
2.402849961,0,0,0,,,0,2.355630747,0.717873505,0
0,0,0,1.397098581,,,0,0.263089846,0,0
0,0.6699079,0,0,,,0,0,0.894045983,0
0,0,0,0,,,0,0,0,1.000102646
0,0,0,0,,,0,0,0,0
0.541030417,0,0,0,,,1.930494199,0,1.371590075,0
0.663988019,2.396075515,0,0,,,0,0,0,0.891578165
0.777256373,0,1.317406239,0,,,0,0,1.387257889,1.619779471
0,0,0,0,,,0,0,0,0
0,2.493309934,0,0.779669022,,,1.230842633,1.045414823,0,0
0,0,0.720213468,0,,,0.926128273,0,1.498117987,0
0,0,0,0,,,1.794882245,1.180074182,0,1.978881187
1.026345163,1.718089242,0.926091608,0,,,0,0,0,0
0,0,1.403950832,0,,,0,0,0,0.731221148
0,0,1.014649476,0,,,0,0,0,0
0,0,1.307093617,0.724260651,,,0,0,0.890894327,0.77616441
1.037798132,0,0,0,,,0,0,0,0
1.170350776,1.874918402,1.324457129,0,,,0.622509789,1.049642108,0,0
0.651511525,0,1.90059899,0,,,1.866951575,0,0,0
0,0,0,0,,,0,0,0,0
0,0,0,0,,,0,0,0,1.312498239
0,0,0,0,,,0,0,0,0.401392757
0,0,0.968600016,0,,,0,0,0,0.928118932
0.802543111,0,0,0,,,0,0.838704348,0,0
0,0,0,0,,,0,0,0,0
0,0,0,0,,,0,0,0.777581054,0
0.535829229,0,0,0,,,2.115364238,0.937537613,0,1.230318735
0.616015506,0,0,0,,,0,1.458643024,0,0
1.115313703,0,0,0,,,0,0.984746723,0,0
0,0,0,0,,,0,0,0,0
1.443795063,0,0,0,,,0,0,0,0
0,0,0,0,,,0,0,0,0
0,0,1.758387772,0,,,0,0,0,0
0,0,0,0,,,0,1.707604196,0.888169283,0.761293864
0,0,0,0,,,0,0,0,0
0,0,1.847175308,0,,,0,0,0,0
0,0,0,0,,,0,1.355989765,0,0
0,0,0,1.041331817,,,1.765465172,1.001983875,0,1.498939188
0,0,0,0,,,0,0,0,0
0,0,1.277685979,0,,,1.184302174,0,0,0
3.131919291,0,0,0,,,1.844319816,0.74118386,0,1.162161744
0,0,0,0,,,0,0,0.993761873,0
0,0,0,0.788301971,,,0,1.757526961,0,0.587608942
0,0,1.216650477,1.266663131,,,0,0,0.676159579,0
0,1.986408641,0,0,,,0,0,1.033011207,0
0,0,0,0,,,0,0,0.667580693,1.69714009
0,0,0,1.484800244,,,0,1.115148312,0,0
1.609011382,0,1.065727314,0,,,0,0.473715752,0,1.954374841
0,0,0,1.067852562,,,3.126761692,0,0,0
0,0,0,0,,,0,0.611718608,0,0
0,0,0,0,,,0,0,0,2.010948268
0,0,0,1.878784325,,,0,1.674102834,0,2.106977164
0,0,0,0,,,0,1.632751663,0,1.637023977
0,0,0,0,,,2.208188396,0,0,0
0,0,0,0,,,0,0,0,0
0,0,2.65084678,0,,,1.868473043,0,0,0
0,1.044774314,0,1.614900212,,,0,0,1.900131207,0
0,0,0,0,,,1.275576476,0,1.280148581,0.797760936
0,0,0,0,,,0.871511154,0,0,1.044537578
0,0,0,0,,,0,1.581314518,0,0
0,0,0,0,,,0,0,1.627929819,0
0,0,0,0,,,0,0,0.985076726,2.062131683
0,0,0,0,,,0,0,0,0
0,0,1.270838935,0,,,0,0.953509626,0,0
2.346773814,1.208020329,0,0,,,0,0,0,0
1.707966924,0,0.821894385,0,,,0,0,0,0
0,0,0,0,,,0,0,0,0
0,0,1.148427375,0,,,0,0,0,0.952796097
1.23787558,0,0,0,,,0,0,0,0
0,0,0,0,,,0,1.087823818,0.700570414,0
0,1.552995014,1.045846239,0,,,0,0,0,0
0,0,0,0,,,0,0,0,0
0,0,0,0,,,0,0.990759154,0,0.989488667
0,0,0,0,,,0,0,0,0
2.165507695,0,0.899996608,0,,,0,0,1.868742439,0.885414404
0,0,0,0,,,0,0,1.166808702,0
0,0,0,0,,,0,0,0,0
0,1.195002785,1.191863627,0,,,0,1.531549369,0,0
0,0,1.280812272,1.977239278,,,0,1.156962824,0,0.545474684
0,0,0,0,,,0,1.560556798,0,1.07379135
0,0,0,0,,,0,1.045334627,0,0
0,0,0,0,,,0,0,0,0.83215097
0,0,0,0,,,0,0,0,0
0,1.024224822,1.035140017,0,,,0,0,0,0
0,0,1.724227627,0,,,0,1.473905056,1.208565173,0.977587294
0,0,0,0,,,0,0,0,0
1.520384032,0,0,0,,,0,0,0,0
0,0,0,0,,,0,0,0,0
0,0,0,0,,,0,1.701458059,0,1.570448002
0,0,0,0,,,0,0,0,0
0,0,0.89441483,0,,,0,0,0,0
0,0,0,0,,,0,0,0,0
0,0,3.271838111,0,,,0,1.055678322,0,0
0,0,0,0,,,0,0,0,0
0,0,0,0,,,0,1.149695971,0,0
0,0,0,0,,,0,0,0,0
0,0,0,0,,,0,0,0,0
0,0,0,0,,,1.706336323,0,0.837181842,0
1.302784593,0,1.873267307,0,,,0,0.935474525,0.799393522,0
0,0,0,0,,,0,0,0,0
1.547475919,0,0,0,,,0,0,0,0
1.882670691,0,0,0,,,0,0,0.56947714,0
0,0,0,0,,,1.586930405,0,0.68202362,0.928361962
0,0,0,0,,,0,0,0,1.628011573
1.202295421,0,0,0,,,0,0,0,0
0,0,0,0,,,2.162965827,0,0,0.848599811
0.964462276,0,0,0,,,0,0,1.287067432,0
0,0,0,0,,,0,0,0,0
0,0,0,0,,,0,0,0,0
0,0,0.649243961,0,,,0.777699368,0,1.282222063,0.877005498
0,0,0,0,,,0,3.036174152,0.837896292,0.961684023
2.306193034,0,1.095799905,0,,,0,0,1.257597956,2.428670212
0,0,0.838068574,0,,,1.452716693,1.055062143,0,0
0,0,0,0,,,0,0,0,1.209637108
0,0,0,0,,,0,0,0,0
0,0,0,0,,,0,1.57853777,1.448359683,0
0,0,0,0,,,0,0,0,0
0,0.999765371,0,0,,,2.562915857,0,0,0
0,0,0,0,,,0,0,0,1.201380811
0,0,1.005837226,0.811694864,,,0,0,0,0
0,0,0,0,,,0.448253139,0,0.782031201,0
0,0,0,0,,,1.050460013,0,0,0
0,0,0,0,,,0,0,1.020126859,0
0,0,0,0,,,0,0,0,1.401186681
0,0,0,0,,,0,0,0,1.046018165
0,0,0,0,,,0,2.121969603,1.205735433,2.109509219
0,0,0,0,,,1.752143843,0,0,0
0,0,0,0,,,0,0,0,0.840557113
0,0,1.150470458,0,,,0,0,1.847258414,0.96991376
0,0,1.01871089,0,,,0,1.31193005,0,0
0,1.187583233,0,0,,,0,0,0,0
0,0,0,0,,,0,0,0,0
1.191974506,0,0,0,,,0,0,2.702472255,2.110921178
0,0,0,0,,,0,0,0,0
0,0,0,0,,,0,2.297655016,0,0.819871848
0,0,1.357129301,1.397956742,,,1.677460169,0,0,0
0,0,0,0,,,0,0,0.7517133,0.964174167
0,0,0,0,,,0,0,0,1.71107611
0,0,1.089987177,0,,,0,1.549499999,0.737044605,1.88443691
1.587407124,1.318683408,0,0,,,0,0,0,0
0,0,0,0,,,0.876393573,2.727426647,1.672517175,0
0,0,0,2.02537432,,,0,0,0,0
1.643685399,0,0,0,,,0,0,0,0
1.069358326,0,0,0,,,0,0,0,0
0,0,0,1.068604864,,,0,1.09130984,0,0
0,0,0.84530671,0,,,0,0,0,0
1.187402203,1.171325507,0,0,,,0,0,0,0
0,0,0,0,,,0,0,0,1.722567249
0,0,0,1.199007368,,,2.460862245,0,0,0
0,0,0.877597688,0,,,0,0,0,0
0,0,0,0,,,0,0,0,0
0,0,0,0,,,0,0,0,1.341045135
0,0,0,0,,,0,0,0,0
0,0,0,0,,,0.778976318,0,0,0
0,0,1.654645306,0,,,0,0,0.957230505,0
0,0,0,0,,,0,0,0,1.110485167
0,0,0,0,,,0,0,0.858156219,1.651496222
0,0,0,0,,,0,0,0.687713688,0
0,1.060363348,0,0,,,0,0,0.750214574,0
0,0,0,0,,,0,0,0,0
0,0,0,0,,,0,0,0,0
0,0,0,0,,,0,0,0,0
0,0,0,0,,,0,0,0,1.051682865
0,0,0,0,,,1.36760281,0,0,0
0,0,1.258658743,0,,,0,0,2.482047244,0
0,0,0,0,,,0,0,0,0
0,1.108512024,0,0,,,0,0,1.40151721,0
0,0,0,0,,,0,0,0,0
0,0,0,0,,,0,1.527862395,0,1.531169483
0,0,0,0,,,0,0,0.831311562,0
0,0,0,0,,,1.79828832,0,0,0
0,0,0,0,,,0,0,0,0
0,0,0,0,,,0.805575901,0,1.334501652,0
0,0,0,0,,,0,0,0,0
0,0,0,0,,,0,0,0,0
0,0,0,0,,,0,0,0,1.282885811
0,0,0,0,,,0,0,0,0
0,0,1.988449845,0,,,0,0,0,0
0,0,1.49585008,0,,,0,0,0,0.891490377
1.058474649,0,0,0,,,0,0,0.761699849,0
0,0,0,0,,,0,0,0.759385404,0
0,1.193830908,0,0,,,0,0,1.242277405,0
0,0,0,0,,,0,0,0,0.483495636
0,0,0,0,,,0,0,0,1.355291507
0,0,0,0,,,1.208705466,0,0,0
0,0,0,0,,,0,0,1.03373174,0
0,0,0,0,,,0,0.664782087,0,0
0,0,0,0,,,0.872383568,0,0,0
0,0,1.198508983,0,,,2.623168563,0,0,0
0,0,0,1.231970735,,,0,0,0,0
0,0,0,0,,,0,0,0,0.962221701
0,0,1.207424767,1.387104812,,,0,0.840818833,0.877288899,0.840641277
1.350756744,0,0,0,,,2.985578599,0,1.300289146,0
0,0,0,0,,,0,0,0,0
0,0,0,0,,,0,0.816797766,0,0
1.810378373,0,0,0,,,0,0,0,0
0,0,0,0,,,0,0,0,0
0,0,0,0,,,0,0,1.632129157,0
0,0,0,0,,,0,1.021029072,0,0
0,0,0,0,,,0,0,0,0.706614561
0,0,0,0,,,0,0.333814846,0,0.954229392
0,0,0.935008685,0,,,2.029433993,0,0,0
0,0,0,0,,,1.585290157,0,0.39681078,0
0,0,0,0,,,0,0,0,0
0,0.819246952,0.82446394,0,,,0,0,0.649611565,0
0,0,0,0,,,0,0,0.657004408,0
0,0,0,0,,,0,0,0,2.126388407
0,0,0,0,,,0,0,0.890561849,0
0,0,0,0,,,0,2.318630789,0,0.761602908
0,0,0,0,,,0,0,0,0
0.892699419,0,0,0,,,0,2.469070923,0,0
0,0,0,0,,,0,0,0.842434135,0.853163762
0,0,0,0,,,0,0,0.834588456,0
0,0,0,0,,,0,0,0,0
0,0,0,0,,,0,0,0,0
0,0,1.603370367,0,,,0,0,0,1.930966538
0,0,0,0,,,0,0,0.870507351,0
0,0,0,0,,,0,0,0,0
0,0,0,0.958267804,,,0,0,0,0
0.930062636,0,1.206329647,0,,,0,0,0,0
0,0,0,0,,,0,0,0,0
0,0,0,0,,,0,0,0,0
0,0,0,0,,,0.73484127,0,0.762742143,0
0,0,0,0,,,1.398826543,0,0,0.994752805
0,0,0,0,,,0,0,0.87648627,0
0,0,0,0,,,0,0,0,0
0,0,0,0,,,0,0,0,0.639576209
0,0,0,0,,,0,0,0,0.821865164
1.276330239,0,0,0,,,0,0,0,0
0,0,0,0,,,0,0,0,0
0,0,0.998316579,0,,,0,0,0,1.033842898
0,0,0,0,,,0,0,2.117833062,0
0,0,0.782529376,0,,,0,0,0,0
0,0,1.584702905,0,,,0,0,0,0
0,0,0,0,,,0,0.986070328,0,1.016655023
0,0.592678673,0,0,,,0,0,0,0
0,0,0,0,,,0,0,0,0
0,0,1.120097978,0,,,0,0,0,0
0,0,0,0,,,0,0,0,0
0,0,0,0,,,0,0,0,1.140955221
0,0,0,0,,,0,0,0,0
0,0,0.954010918,0,,,0,0,0,0
0,0,0,0,,,0,0,0,0
0,0,0,0,,,0,0,0,0
0,0,0,0,,,0,0,0,0
1.35320916,0,0,0,,,0,0,0,0
0,0,1.274811114,0,,,0,0,0,0
0,0,0,0,,,0,0,0,0
0,0,0,0,,,0,0,0,0
0,0,0,0,,,0,0,0,0
0,0,0,0,,,0,0,0,0
0,0,1.154209701,0,,,0,0,0,0
0,0,0,0,,,0,0,1.039073521,0
0.86304668,0,0,0,,,0,2.641315203,0,0
0,0,0,0,,,1.007869877,0.857756655,0,0.904387346
0,0,0,0,,,0,2.042723335,0,0
0,0,0,0,,,0,0,0,0
0,0,0,0,,,0,0,1.105491712,0
0,1.1187167,1.635166667,0,,,0,0,0,0
1.209753792,0,0,0,,,0,0,0,0
0,1.920729841,1.069820068,0,,,2.095872549,0,0,0
0,0,1.646385927,0,,,0,0,0,0
1.132471695,0,0,0,,,0,0,0,1.26175042
0,0,1.563308874,0,,,0,0,0,0
0,0,0,0,,,0,0,0,0
0,0,0,0,,,0,0,0.958488206,0
0,0,0,0,,,0,0,0,0
0,0,0,0,,,1.302115718,0,0,0
0,1.005890679,0,0,,,0,0,0,0
0,0,0,0,,,0,0,0,0
0,0,0,0,,,0,0,0,0
0,0,0,0,,,0,0,1.449546742,1.888008534
0,0,0,0,,,0,0,0,0
0,0,0,0,,,0,0,0,1.447098316
0,0,0,0,,,0,0,0,0
0,1.120677238,0,0,,,0,0,0,0
0,0,1.317479836,0,,,0,0,0,3.490536263
1.175138198,0,0,1.183629265,,,0,0,0,0
0,0,0,0,,,0,0,0,0
0,0,0,0,,,0,0,0,0
0,0,0,0,,,0,0,0,1.25315295
0,0,0,0,,,0,0,0,0
0,0,0,0,,,0,1.137168864,0,0.718389396
0,0,0,0,,,0,0,0,1.301611257
0,0,0,0,,,0,0,0,0
0,0,0,0,,,1.136608991,0,0,0.959778153
0,0.727844451,1.685145059,0,,,1.195931526,0,0,0
0,0,0,0,,,0,0,0,0
0,0,0,0,,,0,0,0,0
0,0,0,0,,,0,0,0,0
0,0,0,0,,,0,0,0,2.774832506
0,0,1.437587819,0,,,0.835619164,1.837378583,1.283009585,0
0,0,0,0,,,0,0,0,0
1.120382391,0,0,0,,,0,1.547058682,0,2.136274789
1.056050124,0,0,1.06211143,,,0,1.392754434,0,1.961533189
0,1.861928437,1.866989052,0,,,0,0.635710667,1.753017189,2.166883096
0,0,0,0,,,0,0,0,2.615205315
0,0,0,0,,,2.036308338,1.718431909,0,0
0,0,0,0,,,0,0,0,1.070995988
0,0,0,0,,,0,0,0.928358337,2.513632404
0,0,0,0,,,0,0,1.504742782,0
0,0,0,0,,,0,0,0,0
0,0,0,0,,,1.477115287,0,0,0
0,0,0.957627229,0.746235036,,,0,0,0,0.713779964
0,0,0.809965809,0,,,0,0,0,0
1.055297663,0,0,0,,,0,0,0,0
0,0.678064973,0,0,,,0,0,1.245056393,0
0,0,0,0,,,0,0,0,0
2.010780804,0,0,0,,,0,0,0,0
0,0,0,0,,,0,0,1.340394949,0
1.199841101,0,0,0,,,0,0,0,0
0,1.006079901,0,0,,,0,0,0,0
0,0,0,0,,,0,0,1.04555685,0.656887068
0,0,0,0,,,0,0,0,0
1.090607982,0,0,0,,,0,0,0,0
0,0,0.925675254,1.419605373,,,0,0,0,0
0,0,0,0,,,0,0,0,0
0,0,0,0,,,0,0,0,0
0,0,0,1.478654094,,,0,0,0,1.798485579
0,0,0,0,,,0,0,0,0
0,0,0,0,,,0,0,0,0
0,0,0,0,,,0,0,0,0
0,0,0,0,,,0.789234932,0,1.230543907,1.269963547
0,0,0,0,,,0,0,1.26617098,0
0,0,0,0,,,0,0,0,0
0,0,0,0,,,0,0,0,0
0,0,0,0,,,0,0,0,0
0,0,0,0,,,0,0,0,0
0,0.746590306,0,0,,,0,0,0.807562489,0
0,0,0,0,,,0,0,0,0
0,0,0,0,,,0,0,0,0
1.047195839,0,0,0,,,0,0,0,0
0,0,1.201624033,0,,,0,0,0,0
0,0,0,0,,,0,0,0,0
0,0,0,0,,,0,0,0,0
0,0,0,0,,,0,0,0,0
0,0,0,0,,,0,0,0,0
0,0,0.818038488,1.174028846,,,0,0,0,0
1.216850025,0,0,0,,,0,0,0,0
0,0,0,0,,,0,0,0,0
0,0,0,0,,,2.259734446,0,1.664841863,0
0,0,0,2.505947937,,,0,0,0,0
0,1.136995535,0,1.123812698,,,1.213408011,0,0,0
0,0,1.325752955,0,,,0,0,0,0
0,0,0,0,,,0,0,0,0
0,0,0,0,,,0,0,0,0
0,0,0,0,,,0,0,0,0
0,0.99668993,0,0,,,1.766988187,0,0,1.232426281
0,0,0,0,,,0,0,1.213927507,0
0,0,1.729754831,0,,,0,0,0.707193638,0
0,0,1.241045061,0,,,0,0,0.944802344,0
0,0,1.864283,0,,,0,0,0,0
0,0,0,1.165445979,,,0,0,0,0
0,0,0,0,,,0,0,1.634654412,0
0.981601161,0,0,1.496176354,,,0,0,1.097703417,0
0,0,1.090785669,0,,,0,0,0,0
0,0,0,0,,,0,0,0,0
0,0,0,0,,,0,0,0,0
0,0,0,0,,,0,0,0.932379766,0
0,0.530342392,0.549656143,0,,,0,0,0,0
0,0,0,0,,,0,0,0.75799514,1.642418311
1.932224276,0,0,0,,,0,0,0,0
0,0,0,0,,,0,0,1.794699437,0
0,0,0,0,,,0,1.888938961,0,0.701625674
0,0,1.24664842,0,,,1.965639135,0,0,2.345346103
0,0,0,0,,,1.910305975,0,0,0
0,0,0,0,,,1.142593556,0,0.718618483,0
0,0,0,0,,,0,0,0,0
0,0,0,0,,,0,0,0,0
0,0,0,0,,,0,0,0,0
0,0,1.09025925,0,,,0,0,0,0
0,0,0,0,,,0,0,0,0
0,0.884699669,0,0,,,0,0,0,0
1.740940166,0,0,1.204183254,,,0,0,0,0
0,0,0,0,,,0,0,0,0
0,0,0,0,,,0,0,1.005165482,0
0,0,0,0,,,0,0,0,0
0,0,0,0,,,0,0,1.174945755,0
0,0,0,0,,,0,0,1.354617889,1.257178337
0,0,0,0,,,0,0,0,0
0,0,0,0,,,0,0.825822496,0,0
0,0,1.059959941,0,,,0,0,1.001844442,0
0,0,0,0,,,0,0,0,0
0,0,1.236349883,0,,,0,0,0,0
0,0,0,0,,,0,0,2.028739483,0
0,0,0,0,,,0,0,0,0
0,2.40786973,0,0,,,0,0,0,0
0,0,0,0,,,0,0,1.151903811,0
0,0,0,0,,,0,0,0,0
0,0,0,0,,,0,0,0,1.552732356
0,0,1.680724234,1.386883192,,,0,0,0,0
0,0,1.814927251,0,,,1.709198032,0,0,0
0,0,1.264441671,0,,,0,0,0,1.702762878
0,0,0,0,,,0,0,0,0
0,1.798278363,0,0,,,0,0,0,0
0,0,0,0,,,0,0,0,0
0,0,1.078707955,0,,,0,0,0,0
0,0,0,0,,,0,0,0,0
0,0,0,0,,,0,0,0,0
0,0,1.424019036,0,,,0,0,0,0
0,0,0,0,,,0,0,1.197466299,0
2.089481531,1.686526162,0,0,,,0,0,0,0
0,0,0,0,,,0,0,0,1.168998909
0,0,0,0,,,0,0,0,0
0,0,0,0,,,0,0,0,0
0,0,0,0,,,0,0,3.157950892,0
1.498346878,0,0,0,,,0,0,1.935555606,0
0,0,0,1.002946767,,,0,0,1.5873904,2.194684473
0,0,0,0,,,0,0,0,0
0,0,0,1.426803004,,,0,0,0,1.060124513
0,0,0,0,,,0,0,0,0
0,0,0,0,,,0,0,0,0
0,0,0,1.416038895,,,0,0,0,0
0,0,0,0,,,0,0,1.409177946,0
0,0,0,0,,,0,0,0,0
0,0,0,0,,,0,0,0,0
0,0,0,0,,,0,0,0,0
0,0.751868282,0,1.403069728,,,1.144638836,0,0,2.02051445
0,0,0,0,,,0.873276104,0,0,0
0,0,0,0,,,0,0,0,0
0,0,0.813154028,1.462908633,,,0,0,0,0.809438567
0,0,0,0,,,0,0,0,0
0,1.214787963,0,0,,,0,0,0,0
0,0,0,0,,,0,0,1.044215568,0
0,0,0,0,,,0,0,0,0
0,0,0,1.690602072,,,0,0,0,0.959921425
0,0,0,0,,,0,0,0,0
0,0,0,1.143127039,,,0.939841893,0,0,0
0,0,0,0,,,0,0,0,0
0,0,0,0,,,2.304494304,0,0,0
0,0,0,0,,,0,0,1.131153315,0
0,1.001569524,0.995099547,0,,,0,0,0,0
0,0,1.348140149,0,,,1.322116698,0,0,0
0,0,1.090221353,0,,,0,0,0,0
0,0,0,0,,,0,0,0,0.624293358
0,0,1.407553044,0,,,0,0,1.101192515,0
0,0,0,0,,,0,0,0,1.433852768
0,0,0,0,,,0,0.894279929,0,0
0,0,0,1.317198953,,,0,0,0,0
0,0,0,0,,,0,0,1.199778034,0
0,0,0,0,,,0,0,1.23645156,0
0,0,0,0,,,0,0,0,0.926166244
0,0.899802184,0,0,,,0,0,0,0
0,0,0,0,,,0.86715397,0,0,0
0,0,0,0,,,0,0,0,0
0,0,0,0,,,0,0,0,0
0,0,0,0,,,1.93858912,0,1.078068059,1.511193802
0,0,0.904191287,0,,,0,0.814235875,0,0
0,0,0,0,,,2.021249467,0,0,2.261397422
0,0,0,0,,,0,0,0,0
0,0,0,1.632946511,,,0,0,0,0
0,0,0,0,,,0,0,0,0
1.19576919,0,0,0,,,0,0,1.340412993,0.986570046
1.085899236,1.165690307,1.200802647,0,,,0,0,1.501828942,0
0,0,0,0,,,0,0,1.291889323,0
0,0,0,0,,,0,0,0,0
0,0,0,0,,,0,0,0,0
0,0,0,0,,,1.346528982,0,0,0
0,0,0,0,,,0,0,0,0
0,0,0,0,,,0,0,0,0
0,0,0,0,,,0,0,1.371771083,0
0,0,0,0,,,0,0,0,0
0,0,0,0,,,0,0,0,0
0,0,0,0,,,0,0,0,0
0,0,0.920658292,0,,,0,0,0,0
0,0,0,0,,,0,0,0,0
1.009831255,0,0,0,,,0,0.885839606,0,0
0,0,0,0,,,0,0,0,2.183017737
0,0,0.868076882,0,,,0,0,0,0
0,0,0,0,,,0,0,0,0
0,0,0.934193527,0,,,0,0,1.240149208,1.529423813
0,0,0,0,,,0,0,0,0
0.909870177,0,0,0,,,0,0,0,0
0,0,1.277727393,0,,,0,0,0,0.855064161
0,0,0,0,,,0,0,0,0
0,0,0,0,,,1.187832417,0,0,3.625307067
0,0,0,0,,,0,0,0,0
0,0,0,0,,,0,0,0,0
0,0,0,0,,,0,0,0,0
0,0,0,0,,,0,0,0,0
0,1.082825308,0,0,,,0,0,0,2.934828497
0,0,0,0,,,0,0,0,0
0,0,0,0,,,0,0,0,0
0,0,0,0,,,0,0,0,0
0,0,0,0,,,0.991123103,0,0,0.939966478
0,0,1.333937818,0,,,0,0,0.567329882,0
1.221215335,0,0,0,,,0,0,0,0
0,0,0,1.335274133,,,0,0,0,1.167813174
0,0,0,0,,,0,0,0,0
0,0,1.259733467,0,,,0,0,0,0
0,0,3.254204704,0,,,0,0,0,0
0,0,0,0,,,0,0,1.615956808,0
0,0,0,0,,,0,0,0,0.863328651
0,0,0.768544807,0,,,0,0,0,1.594454187
0,0,0,0,,,0.653434096,0,0,0
0,0,0,0,,,0,0,0,1.155962397
0,0,1.148680978,0,,,1.668770163,0,0,0
0,0,0,0,,,2.004565497,0,0,0
0,0,0,0,,,0,0,0,2.493856874
0,0,0,0,,,0,0,0,0
0,0,0,0,,,0,0,0,1.07022889
0,0,1.322817804,0,,,0,0,0,1.240530498
0,0,0,0,,,0,0,0,0
0,0.994478663,0,0,,,1.535786486,0,0,0
0,0,0,0,,,0,0,0,1.869389889
0,0,0,0,,,0,0,0,0
0,0,0,0,,,1.186673028,0,0,0.905980065
0,0,0,0,,,0,0,0,0
0,0,0,0,,,0,0,0,0
0.892292948,0,1.642985947,0,,,0,0,0,0
0,0,1.631390702,0,,,0,0,0,1.734336444
0,0,0,0,,,0,0,0,0
0,0,0,0,,,0,0,0,0
0,0,1.359393459,0,,,0,0,0,0
0,1.068673665,0,0,,,0,0,0,0
0,1.007796023,0,0,,,0,0,0,0
0,0,0,0,,,2.99480574,0,0,3.413342858
0,0.922743783,0,0,,,0,0,0,0
0,0,0,0,,,2.157810466,0,0,1.314732873
0,0,0,0,,,0,0,0,1.016193898
0,0,0,0,,,0,0,0,0
0,0,0,0,,,0,0,1.318628256,0
0,0.894884423,0,0,,,1.513302738,0,0,0
0,0,0,0,,,0,0,0,0.785651685
0,0,0,0,,,0,0,0,0
0,0,0,0.850345345,,,0,0,1.239769578,0
0,0,0,0,,,0,0,0,0
0,0,0,0,,,0,0,0,0
0,0,1.992723334,0,,,0,0,0,0
0,0,0,0,,,0,0,0,0
0,0,0,0,,,0,0,0,0
0,1.042460489,0,0,,,0.841713964,0,1.608947394,1.185787997
0,0,0.710374081,0,,,0,0,0,0
0,0,0,0,,,1.290325146,0,1.28113192,0
0,0,0,0,,,1.29465872,0,0,0
0,0,0,0,,,0,0,0,0
0,0,1.624076953,0,,,0,0,1.763468164,0
0,0,0.995431269,0,,,0,0,0,0
0,0,1.083880276,0,,,0,0,0,0
0,0,0,0,,,0,0,0,0
0,0,1.311567546,0,,,0,0,0,0
0,0,1.246985635,0,,,0,0,0,2.774376527
0,0.957348209,0.92408719,0,,,0,0,0,0.947105361
0,0,0,0,,,0,0,0,1.101675724
0,0,0,0,,,0,0,0,0
0,0,0,0,,,0.950411709,0,0,0
0,0,0,0,,,1.326881401,0,0,0
0,0,0,0,,,0,0,0,0
0,0,0,0,,,0,0,0,0
0,0,0.520168781,0,,,0,0,0,0.773887764
0,0,0,0,,,1.283938854,0,0,0
0,0,0,0,,,0,0,0,0
0,0.639759905,0,0,,,0,0,0,0
0,0,0,1.485780939,,,0,0,1.487348548,0
0,0,0,0,,,0,0,0,0
0,0,0,1.174981017,,,0,0,0,1.080991153
0,0,0,0,,,0,2.023973929,0,0.592039124
0,0,0,0,,,0,0,0,0
0,0,0,0,,,0,0,0,0
0,0,0,0,,,0,0,0,0
0,0,1.43100711,0,,,0,0,0,0
0,0,0,0,,,0,0,0,0
0,0,0,0,,,0,0,0,0
0,0,0,0,,,1.795752286,0,0,0
0,0.992685498,1.279234089,1.269623518,,,0,0,0,0
0,0,0,0,,,0,0,0,0
0,0,1.727682745,0,,,0,0,0,0
0,0,0,0,,,0,0,0,0
0,0,0,0,,,0,0,0,0
0,0,0,0,,,0,0.634539053,0,2.681599634
0,0,0,0,,,0,0,0,0
0,0,0,0,,,0,0,0,0
0,0,0,0,,,0,0,0,0
0,0,0,0,,,0,0,1.270105087,1.153477105
0,0,0,1.653007119,,,0,0,0,0
0,0,0,0,,,0,0,0,0
0,0.825055711,0.825893561,0,,,0,0,0,2.75899976
0,0,0,0,,,0,0,0,1.510280528
0,0,0,0,,,0,0,0,0
0,0,0,0,,,0,0,0,0
0,0,0,0,,,0,0,0,0.701172209
0,0,0,0,,,0.763947721,0,0,1.041330232
0,0,0,0,,,0,0,0,0
0,0,0,0.917619313,,,0,0,0,0
1.101050971,0,0,0,,,0,0,0,0
0,2.618824134,0,0,,,0,0,0,0
0,0,0,0,,,0,0,0,0
0,0,0,0,,,0,0,1.119862793,1.124871937
0,0,0,0,,,2.464967856,0,0,1.723470512
0,0,0,0,,,0,0,0,0
0,0,0,0,,,0,0,0,0
0,0,0,0,,,0,0.865764029,0,0
0,0,0,0,,,1.12063131,0,1.109941416,0
0,0,0,0,,,0,0,0,0
0,0,0,1.102644129,,,0,0,0,0
0,0,0,0,,,0,0,0,0
0,0,0,0,,,0,0,0,0
0,0,2.197616967,0,,,0,0,0,0
0,1.277097376,0,1.886067984,,,0,0,0,0
0,0.582059291,0.974321609,0,,,1.684539745,0.874299601,0,0
0,0,0.995001338,0,,,0,0,0,0
0,0,1.143543279,0,,,0,0,0,0
0,0,0,0,,,0,0,1.460112182,0
0,0.840227803,0,0,,,0,0,0,0
0,0,0,0,,,0,0,0,0
0,0,1.317382561,0,,,0,0,0,0.759070499
0,0.947208047,0,0,,,1.340774169,0,0,0
0,0,0.720354107,0,,,0,0,0,0
0,0,0,1.505092646,,,0,0,0,0.873512149
0,0,0,0,,,0,0,0,0
0,0,0,0,,,0,0,0,0
0,0,0,0,,,0,0,0,0
0,0,0.963571705,0,,,0,0,0,0
0,0,0,0,,,0,0,0,0
0,0,0,0,,,0,0,0,0
0,0,0,0,,,0,0,0,0
0,0,0,0,,,0,0,0,0
0,0,0,0,,,0,0,1.688502862,0
0,0,0,0,,,0,0,0,0
0,0,0.949468887,0,,,0,0,0,0
0,0,0,0,,,2.89587483,0,0,0
0,0,0,0,,,0,0,0,0
0,0,0,0,,,0.973065889,0,0,0
0,0.801299864,0,0,,,0,0,0,0
0,0.817396689,1.569792641,0,,,2.593898423,0,0,0
1.722523333,2.26438767,1.085944049,0,,,0,0,0,0
1.920388695,1.609820444,0,0,,,0,0,0,0
0,0,0,0,,,0,0,0,0
0,0,0,0,,,0,0,0,0
0,0,0,0,,,0,0,0,0
0,0,1.231987628,0,,,0,0,0,0
0,0,0.702691924,0,,,0,0,0,0
0,0,0,1.399089392,,,0,0,0,1.105077607
0,0,0,0,,,0,0,0,0
0,0,0,0,,,0,0,1.465318906,0
0,1.002876611,0,0,,,1.347408016,0,0.882626444,0
0,0,0,1.872286426,,,0,0,0,0
0,0,0,0,,,0,0,0,0
0,0.613522681,0,0,,,0,0,1.228296727,0
0,0,0,0,,,0,0,0,0
0,0,0,0,,,0,0,0,2.611804602
0,0,0,0,,,0,0,0,0
0,0,0.766680275,0,,,0,0,0,0
0,0,0,0,,,0.704209867,0,0,0
0,0,0,0,,,1.534389167,0,0,0.789227798
0,0,0,0,,,0,0,0,0
0,0,0,0,,,0,0,0,0
0,0,0,0,,,0,0,0,0
0,0,0.61292243,0,,,0,0,0.912317756,0
0,1.540368941,0.581807116,0,,,0,0,0,0
0,0,0,0,,,0,0,0,0
0,0,1.047555537,0,,,0,0,0,1.835681527
0,0,0,0,,,0,0,0,2.355107356
0,0,0,0,,,0.922675915,0,0.919340968,0
0,0,0,0,,,0,0,0.907895167,1.366412497
0,0,0,0,,,0,0,0,0
0,0,0,0,,,0,0,0,0
0,0,0,0,,,0,0,0,0
0,0,0,0,,,0,0,1.058830304,0
1.449578559,0,1.03947588,0,,,0,0,0,0
0,0,0,1.098162138,,,0,0,1.447921023,0
0,0,0,0,,,0,0,0,0
0,0,0.96990433,0,,,0,0,0,0
0,0,0,0,,,0,0,0,0.68628875
1.152397355,0.547239956,0,1.16000194,,,0,0,0,0
0,0,0,0,,,0,0,0,1.182005643
0,0,0,1.17266212,,,0,0,0,0
0,0,0,0,,,0,0,0,1.842035686
0,0,0,0,,,0,0,1.067899626,0
0,0,0,0,,,0,0,0,0
0,0,0,0,,,0,0,0,0.857093954
0,0,0.688095762,0,,,0,0,0,0
0,0,0,0,,,0,0,0,0
1.206036646,0,0,0,,,0,0,0,0
0,0.73345156,0,0,,,0,0,0,0
0,0,0,0,,,1.985729219,0,0,2.434049258
0,0,0,0,,,0,0,0,0.982564846
0,0,0,0,,,1.270595924,0,0,0
0,0,0,0,,,1.552004742,0,0,0
0,0,0,0,,,0,0,0,0
0,0,0,0,,,0,0,0,0
0,0.567869122,1.213292019,0,,,0,0,1.672167366,1.00467445
0,0,0,0,,,0,0,0,0
0,0,1.385297724,0,,,0,0,0,1.009107085
0,0,0,0,,,0,0,1.640020896,0
0,0,0,0,,,0,0,0,0
0,0.314749619,0,0,,,0,0,1.881298886,0
0,0,0,1.244830792,,,0.985904162,0,0.981685998,0
0,0,0,0,,,0,0,0,1.95899736
0,0.905767539,1.989281054,0,,,0,0,0,0
0,0,0,0,,,0,0,0,0
0,0,0,0,,,0,0.884798068,0,0
0,0,0,1.715836248,,,0,0,0,0
0,0,1.111185884,0,,,0,0,0,0
0,0,0,1.265304123,,,0,0,0.881793346,0.559604279
0,0,0.736203544,0,,,1.352771352,0,0,0
0,0,0,0,,,0,0,0,0
0,0,0,0,,,0,0,0,1.805826848
0,0,0,1.241696268,,,0,0,0,0
0,0,0,0,,,0,0,0,0
0,0,0,0,,,1.862868484,0,0,0
0,0,0,1.088782819,,,0,0,0,0
0,0,0,0,,,0,0,1.293116687,1.728722617
0,0,0,0,,,0.919798293,0,0,0
0,0,0,0,,,0,0,0,0
0,0,0,0,,,0,0,1.092854367,0
0,0,0.767343811,0,,,0,0,0,0
0,0,0,0,,,0,0,0,0.995101208
0,0,0,1.234066951,,,0,0,0,0
0,0,0,0,,,0,0,1.025511367,1.280810555
0,0,0.595799167,0,,,0,0,0,0
0,0,0,0,,,0,0,0,1.888763973
0,0,0,0,,,0,0,1.502959958,1.038995421
0,1.540983119,0,0,,,0,0,0.973841457,0
0,0,0,0,,,0,0,0,0
0,0,0.734396369,0,,,1.215370573,0,1.214380406,0
0,0,0,0,,,0,0,1.689702393,0
0,0,0,0,,,0,0,0,0.567388685
0,0,0,0,,,0,0,0,1.515377924
0,0,0,0,,,0,0,0,0
0,0,0,0,,,0,0,0,0
0,0,0,1.139807554,,,2.206450138,0,0,0
0,0,0,0,,,0,0,1.175715092,0.581238916
0,0,0,0,,,0,0,0,0
0,0,0,0,,,0,0,0,0
0,0,0,0,,,0,0,0,0
0,0,0,1.276785625,,,0,0,0,0.995185454
0,0,0,0,,,0,0,0,0
0,0,0,0,,,2.213998978,0,0,0
0,0,0,0,,,0,0,0,0
0,0,0,0,,,0,0,1.213481774,0
0,0,0,0,,,0,0,1.159457055,0
0,0,0,0,,,0,0,0,0
0,0,0,0,,,0,0,0.874113636,0
0,0,0,0,,,0,0,1.269941542,0
0,0,0,0,,,0,0,0,0
0,0,0,0,,,0,0,0,0
0,0,0,0,,,0,0,0,0
0,0,0,0,,,0,0,0,0
0,0.500303951,0,0,,,0,0,0,0
0,0,0,0,,,1.423802558,0,0,0
0,0,0,0,,,0,0,0,0
0,0,0.986612017,0,,,0,0,0,0
0,0,0,0,,,0,1.599261469,0,0.837780531
0,0,0,0,,,0,0,0,1.028592382
0,0.942580279,0,0,,,1.373152577,0,0,0
0,0.751431856,0.732443702,0,,,0,0,0,0
1.130870647,1.732658939,0.652542537,0,,,0,0,1.578414755,0
0,0,1.108340328,0,,,0,0,0,0
0,0,0,0,,,0,0,0,0
0,0,0,0,,,0,0,1.367533374,0
0,0,0,0,,,0,0,0,0
0,0,0,0,,,0.978313242,0,0.977497356,0.960401129
0,0.763653733,0,0,,,0,0,0,0
0,0,0,0,,,0,0,0,0.822855686
0,0,0,0,,,0,0,0,0.883889535
0,0,0,0,,,0,0,0,0
0,0.715533892,1.935050467,0,,,0,0,0,0
0,0,0,0,,,0,0,0,0
0,0,0,1.497881229,,,0,0,1.093074814,0
0,0,0,0,,,0.995334083,0,0,0
0,0,0,0,,,0,0,1.003809561,0
1.731943483,0,0,0,,,0,0,0,1.195506417
0,0,0,0,,,0,0,0,2.729159058
0.976605013,0,0,0,,,0,0,1.143847959,0
0,0,0,0,,,0,0,1.675876729,1.057872417
0,0,0,0,,,0,0,0.985975329,0
0,0,0,0,,,0,0,1.233964678,0
0,0,0.775316215,0,,,0,0,0,0
0,0,0,0,,,1.523885259,0,0,0
0,0,0,0,,,0,0,0,0
0,0,0,0,,,0,0,0,0
0,0,0,0,,,1.128733254,0,0,0
0,0,0,1.322996059,,,0,0,0,0
0,0,0,0,,,0.85031571,0,0,0
0,0,0,0,,,0,0,1.153483078,0
0,0,0,0,,,0,0.934306772,0,1.417905091
0,0,0,0,,,1.39669597,0,0,0
0,0,0.859143283,0,,,0,0,0,0
0,0,0,0,,,0,0,0,0
0,0,1.470234351,0,,,1.825810584,0,0,0
0,0,0.868922645,0,,,0,0,0,0.975906969
0,0,0,0,,,0,0.997328815,1.015098374,0
0,0,0,1.087110798,,,0,0,0,0
0,0,0,0,,,1.231441675,0,0,0
0,0.884669104,0,0,,,0,0,0,0
0,0,0,0,,,0,0,1.299937589,0
0,0,0,0,,,0,0,0,0
0,1.328306174,1.309567781,0,,,0,0,0,1.880699028
0.84274122,0,0,0.836530969,,,0,0,0.936689238,1.083508644
0,0,1.383801689,0,,,0,0,0,0
0,0,0,0,,,0,0,0,2.727407784
0,0,0,0,,,0,0,0,1.199482242
0,0,0.796515844,0,,,0,0,0,0
0,0,0,0,,,0,0,0,0
0,0,0,0,,,1.812331587,0,0,1.217790282
0,0,0,0,,,0,0,0,0
0,0,0.87515265,0,,,0,0,0,0
0,0,0,0,,,0,0,0,0
0,0,0,0,,,0,0,0,0
0,0,0,0,,,0,0,0,1.581836434
0,0,0,0,,,0,0,0,0
0,0,0,0,,,0,0,0,0
0,0,0,0,,,1.115440129,0,1.116878074,0
0,0,0,0,,,0,0,0,0
0,0,0.946505232,1.269551026,,,0,0,0,1.928066886
0,0,0,0,,,0,0,0.848300588,0
0,0,0,0,,,0,0,1.391944341,0
0,1.243281938,0,0,,,0,0,1.36628336,0
0,0,1.099396806,0,,,0,0,0,0
0,0,1.32841411,0,,,0.891059625,0,0,0
0,0,0,0,,,0,0,1.726844178,0
0,0,1.482576863,0,,,0,0,0,0
0,0,0,0,,,0,0,0,2.586304245
0,0,0,0,,,0,0,0,0
0,0,1.474981717,0,,,0,0,2.407562285,0
0,0,0,0,,,1.613979215,1.055188978,0,0
0,0,0,3.423742851,,,0,0,0,1.147613152
0,0,0,0,,,0,0,0,0
1.072363484,0,0,0,,,0,0,0.979817369,0
0,0.882924296,0,0,,,0,0,0,1.661733318
0,0,0,0,,,0,0,0,0
0,0.620807154,1.052124344,0,,,0,0,0,0
0,0,0.715082509,0,,,0,0,0,0.728144101
0,0,0,0,,,0,0,0,0
0,0,0,1.395600793,,,0,0,0,0.777262697
0,0,2.352049808,0,,,0,0,0,0
0,0,0,1.569724368,,,0,0,0,0
0,0.801811294,0,0,,,0,0,0,2.193231412
0,0,0,0,,,0,0,0,1.357211266
0,0,0,0,,,0,0,0,0
0,0,0,0,,,0,0,1.315957373,0
0,0,0,0,,,0,0,0,0
0,0,0,0,,,0,0,0,0
0,0,0,2.525776718,,,0,0,0,0
0,0,0,0,,,0,0,0,1.236279229
0,0,0,0,,,0,0,0,2.658392337
0,0.854086069,0,0,,,0,0,0,0
0,0,0,1.684336903,,,0,0,0,0
1.131915652,0,0,0,,,0,0,0,0
0,0,0,0,,,0,0,0,0
0,0,0,0,,,0,0,0,0
0,0,0,0,,,0,0,0,2.772300274
0,0,0,0,,,0,0,0,0
0,0,0,0,,,0,0,0,1.991520851
0,0,0,0,,,0,0,0,0.574456799
0,0,0,0,,,0,1.714712095,0,1.188126912
0,0,0,0,,,0,0.661431705,1.092240929,0.272580924
0,0,0,0,,,0,0.499799543,0,0
0,0,0,0,,,0,0,0,0
0,0,0,0,,,0,1.417094101,0,0.57839248
0,0,0,0,,,1.13646281,2.819629594,0,0.536473194
0,0,0,0,,,0,1.570317038,0,0.858711912
0,0,0,0,,,0,1.457922546,0,0.741600387
0,0,0,0,,,0,0.751001319,0,0.857801196
0,0,0,0,,,1.830910283,2.393355743,0,1.911417415
0,0,0,0,,,0,0,0,0
0,0,0,0,,,0.957036825,0,0,0
0,0,1.829604088,0,,,0.922270141,0,0,0
0,0,0,0,,,0.977883846,0.348566144,0,0.358080775
0,0,0,1.326187234,,,1.041924102,0,0,0
0,0,0,0,,,0,0.693573157,0,1.623167382
0,0,0.8899251,0,,,0,0.840927622,0,0.842045574
0,0,0,0,,,0,0,0,0.529745277
0,0,0,0,,,0,3.054851649,0,1.800968384
0,0,1.213377037,0,,,0,0,0,0
0,0,0,0,,,0,0.789528071,0,0
0,0,0,0,,,0,0,0,0
0,0,0,0,,,0,1.883535431,0,0.332927133
0,0,0,0,,,0,2.479409716,0,0.546024171
0,0,0,0,,,0,0.740668009,0.988377293,0.550884658
0,0,0,0,,,0,0,0,0
0,0,0,0,,,0,1.050258893,0,0.382159217
0,0,1.47269639,0,,,0,1.451089436,0,0.738288635
0,0,0,0,,,0.979460763,0.272346256,0,0.676278433
0,0,0,0,,,0,1.940552756,0,2.045096232
0,0,0,0,,,0,1.538175279,0,1.598611558
0,0,0,0,,,0,2.428357348,0,0.806435812
0,0,0,0,,,0,1.361177992,0,0
0,0,0,0,,,2.265142089,1.704912494,0,0.69235589
0,0,0,0,,,0,0,0,0
0.873326398,0,0,0.89634374,,,0,0.897384604,0,0
0,0,1.005441911,1.190284291,,,0,1.166418629,0,0.9061987
0,0,0,0,,,0,0,0,0
0,0,0,0,,,0,1.743815744,0,0.779953783
0,0,0,0,,,0,0,0,0.360517288
0,0,0,0,,,0,1.875474333,0,0
0,0,0,0,,,0,1.431291098,0,0.535920936
0,0,1.172084254,0,,,0,0,0,0
0,0.459056479,1.528594422,0,,,0,0.33263065,0,0
0,0,0,0,,,0,0.756149926,1.067863467,0.452297708
0,0,2.026957263,0,,,0,2.684183469,1.058996617,0
0,0,0,0,,,0,1.220854621,0,0
0,0.526903298,0.528232828,0,,,0,1.31152339,1.788880336,0.573216299
0,0.401848594,0,0,,,0,0.582431464,0,0.957674297
0,0.932253965,0.934303166,0,,,0,2.0688654,1.188801093,0.76657518
0,0,0.37870454,0,,,0,0.708795188,0,0
0,0,1.012118885,0,,,0,2.567922133,0,1.490393085
0,0,0,0,,,0,2.278496741,0,0.547995064
0,0,0,0,,,0,2.778590475,1.929129987,1.020629737
0,0,0,0,,,0,0,0,0
0,0,0,0,,,1.023760763,1.608701133,0,1.436690066
0,0,0,0,,,0,2.3391727,0,0.741505867
0,0,0,0,,,0,0,0.85639054,0
0,0,1.162230919,0,,,0,1.510247697,0,0.633929964
0,0,0,0,,,1.324733215,1.103268194,0,0
0,0,0,1.837987961,,,0,1.479068589,0,0.857572737
0,0,1.112398759,0,,,0,1.80002457,1.493254488,1.690959175
0,0.803788137,0,0,,,0,0.426181711,0,0.969431652
2.52619649,0,0,0,,,0,2.430249992,0,0.619016231
0,0,0,0,,,1.507405816,1.086074413,0,0.780144783
0,0,0,0,,,0,0,0,0
0,0,0,0,,,0,1.594797552,0,1.179565195
0,0.971163063,0,0,,,0,0,0,0
0,0,0,0,,,0,1.388533869,0,1.392537045
0,0,0,0,,,0,1.801002166,0,1.261183409
0,0,0,0,,,0,0.693132662,0,0
0,0,0.841565599,0,,,0,0.656348283,0,0
0,0,0,0,,,0,2.479455129,0,0.690461371
0,0,0,0,,,0,2.815164566,0,1.210357062
0,0,0.620165236,0,,,0,0.299616178,0,0.536910884
0,0,0,0,,,1.550390131,0,0,0.69024093
0,0,0,0,,,0,1.415010167,0,0
0,0,0,0,,,0,0,0,0.386242319
0,0,1.230309495,1.151866389,,,1.122620006,1.303133939,1.120169397,0.850343409
0,0,0,0,,,0,0,0,0.469620398
0,0,1.25108588,0,,,0,0,0.947855182,0
0,0,0,0,,,0,1.777185545,0,1.690525049
0,0.696267248,0,0,,,0,0.930438157,0,0
0,0,0,0,,,0,0,0,0.284844995
0,0,0,0,,,0,1.982734429,1.582822856,1.255895973
0,0,0,0,,,0,0,0,0
0,0,0,0,,,1.047674633,1.846888644,0,1.846995263
0,0,0.525072343,0,,,1.133593223,1.507536752,0,0.531456438
0,0,0,0,,,0.744407725,0,0,0.366685568
0,0,0,0,,,0,0.423424977,1.837981061,0
0,0,0,0,,,0,0.713392319,0,0
0,0,0,0,,,0,0,0,0
0,0,0,0,,,0,0.385976353,0,0.391101313
0,0,0,1.608803689,,,0,1.056774635,0,0.388909716
0,0,0,0,,,0,0,0,1.207483461
0,0,0,0,,,0,0,0,0
0,0,0,0,,,0,0,1.021506356,0
0,0,0,0,,,0,2.733050987,0,0.861745161
0,0.436228807,0.724067408,0,,,0,0,2.79041329,0
0,0,0,0,,,0,0,0,0.524037425
0,1.038163978,1.029840542,0,,,0,2.120036674,0,1.574176145
0,0,0,0,,,0,0.529620537,0.887697647,0
0,0,0,0,,,0,1.31309653,0,1.67975011
0,0,0,0,,,0,1.252098006,0,0.603947829
0,0,0,0,,,0,0.351702158,0,0.360397562
0,0,0,0,,,0,0,1.074171351,0
0,0,0,0,,,0,1.669646979,0,1.003875557
0,0,1.048454752,0.983443973,,,0,0.967119301,0,0
0,0,0,0,,,0,0.330750842,0,0.583859387
0.927154676,0,0,0,,,0,1.012447274,0,0.458447328
0,0,0.952979662,0,,,0,0.758921729,0,1.009103381
0,0,0,0,,,0,0,0,0
2.034677447,0,0,0,,,0,1.832954157,0,0.79397764
0,0,0,1.237890449,,,0,2.121481775,0,0
0,0,0,1.378239401,,,0,0.643683593,0,0.658592822
0,0,0,0,,,0,0,0,0
0,0,0,0,,,0,0,0,0
0,0,1.145083814,1.640705543,,,0,1.614681841,0,0.764544326
0,0,0.753097466,0,,,0,2.61850507,0,1.16604822
0,0,0,0,,,0,0,0,0
0,0,0,0,,,0,2.309191084,0,0.499188613
0,0,0,0,,,0,1.207713887,0,0.664334687
0,0,0,0,,,0,0.467897614,0,1.88102223
0,0,1.399755318,0,,,0,3.362833744,1.793486477,0.44846131
0,0,0,0,,,0,0,0,0
0,0.64242411,0,0,,,0,0.579757412,0,0.959573462
0,0,1.148057499,0,,,1.906973862,1.352371819,0,1.19317126
0,0.91709172,0,0,,,0,0.542093331,0,0.736324448
0,0,0,0,,,0,1.569154609,0,0.34802333
0,0,0,0,,,0,0,0,2.778375987
0,0,1.418199162,0,,,0,0.716902216,0,0.719362581
0,0,0,0,,,0,0,0,0.984944831
0,0,0,1.026101524,,,0,0.762430421,1.23914377,0.454013756
0,0,0,0,,,0,2.420998287,0,1.270613999
0,1.888070815,0,0,,,0,0,0,0.562099471
0,0,0,0,,,0,1.903244124,1.174545383,1.790346398
0,0,1.873733932,0,,,0,2.230167588,0,1.400775765
0,1.589698587,0,0,,,1.468685217,2.534096141,0,2.169189013
0,0,0,0,,,0,0.722657803,0,0.848126033
0,0,0,0,,,0,0,0,0
0,0,0,0,,,0,0,0,0
0,0.689308041,1.120258493,0,,,0,0,0,0
0,0,0.982739821,0,,,0,1.657093458,0,0
0,1.656177493,0,0,,,0,,0,
0,0,1.055121459,0,,,0,,0,
0,0,0,0,,,0,,0,
0,0,0,0,,,0,,0,
0,0,1.111120262,0,,,0,,1.103567153,
0,0,0,0.804596743,,,0,,0,
0,0,0,0,,,0,,0,
0,0,0,0,,,0,,0,
0,1.073397844,2.195464718,0,,,0,,0,
0,0,0,0,,,0,,0,
0,0,1.372000846,0,,,0,,0,
0,0,2.146233506,0,,,0,,0,
1.223946907,0,2.378707977,0,,,0,,0,
0,0,0,0,,,0,,0,
0,0,0,0,,,0,,0,
0,0,0,0,,,0,,0,
0,0,0,0,,,1.068272777,,0,
0,0,0,0,,,0,,0,
1.263013521,0,1.018755086,0,,,0,,0,
0,0,1.575984925,0,,,0,,0,
0,0,1.910055466,0,,,0,,0,
0,0,0,0,,,0,,0,
1.162340938,0,0,0,,,0,,0,
0,0,2.092649345,0,,,0,,0,
0,0,0,0,,,0,,1.210556555,
0,0,0,0,,,0,,0,
0,0,0,0,,,0,,0,
1.534723812,0,0,0,,,0,,0,
0,0,1.609806728,0,,,0,,0,
0,0,0.935620584,0,,,0,,1.104100579,
0,1.943082677,0,0,,,0,,0,
0,0,0,0,,,0,,0,
0,0.840092658,1.312572217,0,,,0,,0,
0,0,0,0,,,0,,0,
0,0,0,0,,,0,,0,
0,0,0,0,,,0,,1.174606002,
0,0,0,0,,,0,,0,
0,0,0,0,,,0,,0,
0,0,0.985137581,0,,,0,,0,
0,0,1.242355297,1.059491008,,,0,,0,
0,0,0,0,,,0,,1.341285284,
0,0,0.835643342,0,,,0,,0,
1.32609043,0,0,0,,,0,,0,
0,0,0,0,,,0,,0,
1.098074577,0,0,0,,,0,,0,
0,0,0,0,,,0,,0,
0,0,0,0,,,0,,0,
0,0,0.827845649,0,,,0,,0,
0,0,0,0,,,0,,0,
0,0,0,0,,,0,,0,
0,0,1.956490177,0,,,0,,0,
0,0.673231709,0,0,,,0,,0,
0,1.236801881,1.262169673,0,,,0,,0,
0,1.41373041,1.979022348,0,,,0,,1.072125624,
1.252349018,0,1.019890778,0,,,0,,0,
0,0,1.604680193,0,,,0,,0,
0,0,1.048353547,0,,,2.112342526,,0,
0,0,0,0,,,0,,0,
0,0,0.832427406,0,,,0,,1.956841921,
0,0,0.889888205,0,,,0,,0,
0,1.498474235,0,0,,,0,,0,
0,0,1.243487055,0,,,0,,0,
0,0,0,0,,,0,,1.00976396,
0,0,1.423183456,0,,,0,,0,
0,0,2.004939927,0,,,0,,0,
0,0,0,0,,,0,,0,
0,1.524993213,0.785035955,0,,,0,,0,
0,0,2.636870816,0,,,0,,0,
0,0,1.343517172,0,,,0,,0,
0,0,1.024071014,0,,,0,,0,
0,0,0,0,,,0,,0,
0,0,0,0,,,0,,0,
0,0,0,0,,,0,,0,
0,0,0,0,,,0,,0,
0,0,0,0,,,0,,1.263692013,
0,0,0,0,,,2.889352158,,0,
0,0,0,0,,,0,,0,
0,0,0,0,,,0,,0,
0,0,0,0,,,0,,0,
0,0,1.712980044,0,,,0,,0,
0,0,0,0,,,0,,0,
0,0,2.387733927,0,,,0,,0,
0,0,2.131608307,0,,,0,,0,
0,0,0,0,,,0,,0,
0,0,0,0,,,0,,0,
0,0.981496896,1.007298492,0,,,0,,0,
0,0,0,0,,,0,,0,
0,0,1.024302788,0,,,0,,0,
0,0,0,0,,,0,,0,
0,0,0,0,,,0,,0,
0,0,0,0,,,0,,0,
0,0,0,0,,,0,,0,
0,0,0,0,,,0,,0,
0,0,2.004745607,0,,,0,,0,
0,0,0,0,,,0,,0,
0,0,0,0,,,0,,0,
0,0,0,1.114891765,,,0,,1.628611894,
1.406854269,0,0,0,,,0,,0,
0,1.394556214,1.402755224,0,,,0,,0,
0,0,0,0,,,0,,0,
0,0,0,0,,,0.854123847,,0,
0,0,0,0,,,0,,0,
0,0,1.013098999,0,,,0,,0,
0,2.070797283,0,0,,,0,,0,
0,0.890530939,1.374199655,0,,,0,,0,
0,0,0,0,,,0,,0,
0,0,0,0,,,0,,0,
0,0,0.917121156,0,,,0,,0,
0,0,0.701543246,0.721332619,,,0,,0,
0,0,0,0,,,0,,0,
0,0,0,0,,,0,,0,
0,0,0.794313826,1.088867412,,,0,,0,
0,0,0,0,,,0,,1.203845428,
0,0,0,0,,,1.437340198,,0,
0,0,0,0,,,0,,0,
0,0,0,0,,,0,,0,
0,0,0,0,,,0,,0,
0,0,0,0,,,0,,0,
0,0.796629603,0.814513685,0,,,0,,0,
0,0,0.747764974,0,,,1.405648286,,0,
0,0,0,0,,,0,,0,
0,0,0,0,,,0,,0,
0,0,0,0,,,0,,0,
0,0,1.949569794,0,,,0,,0,
0,0,0,0,,,1.241439174,,0,
0,0,0,0,,,0,,0,
0,0,1.248365861,0,,,0,,0,
0,0,0,0,,,0,,0,
0,0,0,0,,,0,,0,
0,0.419636281,0.422033156,1.400349353,,,0,,0,
0,0,0,0,,,0,,0,
0,0,0,0,,,0,,0,
0,0,1.031744833,1.436992164,,,0,,0,
0,0,2.342990959,0,,,0,,0,
0,1.84907958,2.457493936,1.039033217,,,0,,0,
0,1.073125966,1.933073052,1.354718247,,,0,,0,
0,0,0,0,,,0,,0,
0,0,0,1.019603984,,,0,,1.564642143,
0,0,0.874182044,0,,,0,,0,
0,0,0,0,,,0,,0,
0,0,0.775879713,0,,,0,,0,
0,2.27145015,0,0,,,0,,0,
0,0,0,0,,,0,,0,
0,0,0.751780518,0,,,0,,0,
0,0,1.336478418,0,,,0,,0,
0.58819552,0,0,0,,,0,,0,
0,0,0,0,,,0,,0,
0,0,0,0,,,0,,0,
0,0,0.701162264,0,,,0,,0,
0,0,0,0,,,0,,0,
0,0.398499199,0,0,,,1.0391365,,0,
0,0.840833914,0,0,,,0.868475932,,0,
0,0.579370349,0.971118614,0,,,1.024621212,,0.624062928,
0,0,0,0,,,0,,0.859752073,
0,0,0,0,,,0,,1.099351394,
0,0,0.918934663,0,,,0,,0,
2.563009671,0,0,0,,,0,,0,
0,0,1.5994345,0,,,0,,0,
0,0,0,0,,,0,,0,
0,0,0,0,,,0,,0,
0,0,0.603884209,0,,,0,,0,
0,0,0.828226744,0,,,0,,0,
0,0,3.323826017,0,,,0,,1.451244247,
0,0,0,0,,,0,,0,
0,0,1.744467632,0,,,0,,0.877146208,
0,0,0,0,,,0,,0,
0,0,2.132947631,0,,,0,,0,
0,0,1.321015929,0,,,1.996358432,,0,
0,0,0,0,,,0,,0,
1.203731871,0,0,0,,,0,,0,
0,0,0,0,,,0,,0,
0,0,0.996358661,0,,,1.093257341,,0,
0,0,2.031939737,0,,,0,,1.093607425,
0,0,1.142077243,0,,,0,,0,
0,0,0,0,,,0,,1.241928666,
0,1.617094413,0,0,,,0,,0,
0,0,0,2.328189371,,,0,,2.555653208,
0,0,2.268295773,0,,,0,,0.796709275,
0,0,2.15265071,0,,,0,,2.496884117,
0.81786255,0,0,0,,,1.449704867,,0,
0,0,1.109163218,0,,,0,,0,
0,0,0,0,,,0,,0,
0,0,0.988143675,0,,,1.870991303,,0,
0,0,1.989946102,0,,,0,,0,
0,0,0,0,,,0,,0,
0,0,1.428627154,0,,,1.699653624,,0,
0,0.849108199,0.854759234,0,,,2.271699552,,0,
0,0,1.792937102,0,,,0,,0,
0,0,0,0,,,1.195648682,,0,
0,0,0,0,,,0,,0,
0,0,2.511387152,0,,,0,,0,
0,0,1.567392219,1.271317528,,,0,,0,
0,0,0,0,,,0,,0,
0,0,0,0,,,0,,0,
1.292156201,0,1.483090151,0,,,0,,0,
0,0,0,0,,,0,,0,
0,0,1.057365372,0,,,0,,0,
1.137669301,0,1.068401305,0,,,0,,1.37899683,
0,0,0,0,,,0,,0,
0,0,0,0,,,0,,0,
0,0,0.973390116,0,,,0,,0,
0,0,0,0,,,0,,0,
0,0,0,0,,,0,,0,
0,0,1.260368494,1.286010525,,,1.493958207,,0,
0,0,0,1.303215849,,,0,,0,
0,0,0,0,,,0,,0,
0,0,1.745569424,0,,,1.510413655,,0,
0,0,0,1.295266797,,,0,,0,
0,0,0,0,,,0,,0,
0,0,1.028884052,0,,,0,,0,
0,0,1.491070589,0,,,0,,1.7498128,
0,0,1.00870521,0,,,0,,0,
1.293274286,0,0,0,,,0,,0,
0,0,0,1.149940188,,,0,,0,
0,0,1.039634834,0,,,0,,1.091545459,
0,0,0,0,,,0,,0,
0,0,2.18815684,0,,,0,,0,
0,0,0,0,,,0,,0.98972018,
0,0,0,0,,,0,,0,
0,0,0,0,,,0,,0,
0,0,0,0,,,0,,0,
0,1.118774307,3.003397952,0,,,0,,0,
0,0,1.295055097,0,,,0,,0,
0,0,0,0,,,1.362697493,,0,
0,0,2.243262502,2.786561269,,,1.876265185,,0,
1.084938132,0,1.507263788,0,,,0,,0,
0,0,1.122513293,0,,,0,,0,
0,0,1.656869266,0,,,0.617960613,,0.643275794,
0,0,1.36104491,0,,,0,,0,
0,0,0,0,,,0,,0,
0,0,2.269260547,0,,,1.020865398,,0,
0,0,0,0,,,0,,0,
0,0,0,0,,,1.295217199,,0.853429216,
0,0,2.045893057,0,,,0,,0,
0,0,1.827896515,0,,,0.961552363,,1.777692224,
0,0,0,0,,,1.770852933,,0,
0,0,0,0,,,2.168271831,,0.569068113,
0,0,0,0,,,0,,0.927280548,
0,0,0,0,,,0,,2.164238726,
0,0,0,0,,,0,,0,
0,0,1.111695424,0.890370096,,,0,,0,
0,0,1.779059609,0,,,1.38845551,,0,
0,0,0,0,,,1.36638338,,1.04402812,
0,0,0,0,,,0,,0,
0,0,1.257569189,0,,,0,,0,
0,0,0,0,,,0,,1.347556957,
0,0,0,0,,,1.822670612,,0,
0,0,0,0,,,1.007934613,,0.953450971,
0,0,1.539170287,0,,,0,,0,
0,0,1.338553043,0,,,1.801363465,,1.226440928,
0,0,0,0,,,1.64922353,,0,
0,0,0,0,,,1.905902966,,1.144625069,
0,0,2.158985558,0,,,0,,0,
0,0,1.240359719,0,,,1.509953619,,0,
0,0,0,1.053051015,,,0,,0,
0,0,1.039203698,0,,,0,,1.650962416,
0,0,0,0,,,0,,1.023024925,
0,0,0.729032592,0,,,0,,0,
0,0,2.99665535,1.090186096,,,0,,1.068296512,
0,1.464524449,0,0,,,0.483760378,,0,
0,0,0,0,,,0,,1.885771326,
0,0,0,1.32398178,,,0,,0,
0,0,0,0,,,1.323621736,,1.49102081,
0,0,0,0,,,0,,0,
0,0,0,0,,,0,,0,
0,0.585676115,0,0,,,0,,0,
0,0,0,0,,,0,,0,
0,0,0,0,,,0,,0,
0,0,0,1.106855705,,,0,,0,
0,0,1.881863965,1.202915923,,,0,,0,
0,0.495270393,0.516120751,0,,,2.30646688,,0.632155881,
0,0,0,0,,,0.894698908,,0,
1.939309998,0,0,0,,,0,,1.9111884,
0,0,0,0,,,0,,0,
0,0,1.506634086,0,,,0,,0,
0,0,0,0,,,0.802209648,,0,
0,0,0,0,,,0,,0,
0,2.69845124,0,0,,,0,,0.936312059,
0,0,0,0,,,0,,0.842449959,
0,0.850415371,0.904656245,0,,,0,,0,
0,0,0,0,,,0,,0,
0,0,0,1.259296869,,,0,,1.039887584,
0.772008374,0,0,0,,,0,,0,
0,0,0,0,,,0,,1.612794423,
1.061162243,0,0,0,,,0,,0.980255323,
0,0,0,0,,,0,,0,
0,0,0,0,,,0,,1.304167277,
0,1.165926217,0,0,,,0,,0,
0,0,0,0,,,0.750686725,,0,
0,0,0,0,,,0,,0,
0,0,0,1.556027387,,,0,,0.716971022,
0,0,0,0,,,0,,0.527015689,
0,0,0,0,,,0,,0,
0,0,0,0,,,0,,0,
0,1.351619851,0,0,,,0,,0,
0,0,1.802919259,0,,,0,,0,
0,0,0.540466413,0,,,0,,0,
0,0,0,0,,,0,,1.176671684,
0,0,0,0,,,0,,0.850151656,
0,0,0,0,,,0,,0,
0,0.616727997,0,0,,,1.321142802,,0,
0,0,0,0,,,0,,0,
0,0,1.271772052,0,,,0,,0,
0,0,0,0,,,0,,0,
0,0,0,1.181396629,,,0,,0,
0,1.158326769,0,0,,,1.367366977,,0,
0,0.616989401,0,0,,,0,,0,
0,0,0,0,,,0,,0,
0,0,0,0,,,0,,0.816658597,
0,0,0,0,,,0,,0,
0,0,0,1.431734871,,,0,,0,
0,0,0,0,,,0,,0,
0,1.586033232,0,1.069483937,,,0,,0,
0,0,0,0,,,1.041874807,,0.647947474,
0,0,0,0,,,0,,1.366200581,
0,1.014368591,0.482518052,0,,,0,,1.393404338,
0,0,0,0,,,0,,0,
0,0,1.255987866,0,,,0,,0,
0,0,0.591211354,2.075707701,,,0,,1.787217656,
0,0,0.836625525,0,,,0,,0,
0.996772089,0,0,1.016137457,,,0,,0,
0,0,0.563634199,0,,,0,,0,
0,0,0,0,,,0,,0,
0,2.73975541,0,0,,,0,,0,
0,0,0,0,,,0,,2.727332719,
0,0,0,0,,,0,,0,
0,0,0,0,,,0,,0,
0,0,0,0,,,0,,0,
0,0,0.424345028,0,,,2.052621979,,0,
0,0,0,0,,,0,,0,
0,0,0,0,,,0,,0,
0,0,0,0,,,0,,0,
0,0,0,0,,,1.567768842,,0,
0.744211766,0,0,0,,,0,,1.133804563,
0,0,0,0,,,0,,0,
0,0,0,0,,,0,,1.506741552,
0,0,0,0,,,0,,0,
0,0,0,0,,,0,,0,
0,0,0,0,,,0,,0,
0,0,0,0,,,0,,0,
0,0.372336955,0,0,,,0,,0,
0,0,0,1.086825623,,,0,,0,
0,0,0,0,,,0,,0,
0,0,0,0,,,0,,0,
0,0,0,0,,,0,,0,
0,0,0,0,,,0,,0,
0,0,0,0,,,1.050114626,,0,
0,0,0,0,,,0,,0,
0,0,0.861213792,0,,,0,,0,
0,0,0,0,,,0,,0,
0,0,0,0,,,0,,0,
0,0,0,0,,,0,,0,
0,0,0,0,,,0,,0,
0,0,0,0,,,0,,0,
0,0,0,0,,,0,,0,
0,0,0,0,,,1.23263246,,1.533078709,
0,0,0,0,,,0,,1.959435109,
0,0,0,0,,,0.9845143,,0,
0,0,0,0,,,0,,1.043923923,
0,0,0,0,,,1.389381002,,0,
0,0,0,1.061038104,,,0,,0,
0,0,1.58401696,0,,,0,,0,
0,0,1.054318701,0,,,0,,1.082057727,
0,0,0,0,,,0,,0,
0,0,0,0,,,0,,0,
0,0,0,0,,,0,,0,
0,0,0,0,,,1.053447696,,0,
0,0,0,0,,,0,,0,
0,0,1.009456888,0,,,0,,1.671307589,
0,0,0,0,,,0,,1.01970948,
0,0,0,0,,,0,,0,
0,0,0,0,,,0,,0,
0,0,0,0,,,0,,0,
0,0,0,0,,,0,,1.426470214,
0,0,0,0,,,1.009130309,,0,
0,0,0,0,,,0,,0,
0,0,0.65884133,0,,,0,,0,
0,0,1.669655862,0,,,0,,0,
0,0,0,0,,,0,,0,
0,1.025775514,1.02555687,0,,,0,,1.196309684,
0,0,1.140306409,0,,,0,,0,
0,0,0,0,,,0,,0,
0,0,0,0,,,0,,0,
0,0,0,0,,,0.899811867,,0,
0,0,0,0,,,0,,0.93219704,
0,1.187991837,0,0,,,0,,1.333480947,
0,0,0,0,,,0,,0,
0,0,0,0,,,0,,0,
0,0,0.890622784,0,,,0,,0,
0,0,0,0,,,2.539561268,,1.249124241,
0,0,0,0,,,0.813133074,,0,
0,0,1.736308379,0,,,2.928480704,,0.90479966,
0,0,0,0,,,0.790310572,,0.263896525,
0,0,0,1.209611717,,,1.684644672,,1.366945075,
0,0,1.955814953,0,,,1.637528758,,0,
0,0,0.633558042,0,,,1.000784655,,0,
0,0,0.997192229,0,,,2.516710469,,0,
0,0,0.845606568,0,,,1.917031011,,0.67434974,
0,0,0.933797625,0,,,2.441069639,,0.910268888,
0,0,0,0,,,2.66414852,,0,
0,0,0,0,,,1.703317586,,0,
0,0,1.040987033,0,,,2.364896386,,0,
0,0.739016257,0.754276012,0,,,0,,0,
0,1.224662737,0,0,,,1.65563299,,0.879930162,
0,0,0,0,,,1.832830421,,0.716191104,
0,0,0,0,,,1.434043833,,0,
0,0,0,0,,,2.899829689,,0,
0,0,0,0,,,1.314350911,,1.552654095,
0,0,0,0,,,1.291126212,,0,
0,0,0,0,,,1.768272608,,0.962730959,
0,0,0,0,,,0.668290433,,0,
0,0,0,0,,,1.520983585,,0,
0,0,1.54902418,0,,,2.247348982,,0.788730489,
0,0,0,0,,,2.119454519,,1.241786183,
0,1.882749963,0,1.386968903,,,2.552688124,,0,
0,0,0,1.089631437,,,2.002704338,,1.144490027,
0,0,0.82680501,0,,,1.695598776,,0.843491736,
0,0,0,0,,,2.056840212,,0,
0,0,0,0,,,1.757792236,,0,
0,0,0,0,,,1.765229064,,0,
0,0,0,0,,,1.249073965,,0.687973672,
0,0,0,0,,,1.651211002,,1.030175917,
0,0,0,0,,,1.402578347,,1.543712293,
0,0,1.306361283,0,,,2.793349045,,1.156966486,
0,0,0,0,,,0,,0,
0,0,0.909549167,0,,,1.010509824,,0.779013053,
0,0,0,0,,,3.277670182,,0,
0,0,0,0,,,0.832495895,,0,
0,0,0,0,,,2.208717477,,0,
1.154212684,0,0,0,,,0.561323441,,0,
0,0,0,0,,,0,,0,
0,0,0,0,,,2.046764328,,0,
1.31716347,0,0,0,,,2.142340241,,0.862144119,
0,0,0,0,,,1.907461363,,0,
0,0.850996469,0.884132858,0,,,2.045367954,,0,
0,0,0,0,,,3.064105092,,0,
0,0,0,0,,,1.350852136,,0,
0,0,0,0,,,1.707663816,,0.641537661,
1.585451814,0,0,0,,,1.818712723,,0.494786563,
0,1.837713733,1.881855514,0,,,2.440033251,,0,
0,0,1.300244255,1.378655033,,,1.060575401,,0,
0,0,0,0,,,1.826043334,,0,
0,0.945842957,0.954613707,0,,,1.907797329,,0.890250328,
0,0,1.613098692,0,,,0.828350699,,0,
0,0,0,0,,,2.276228748,,0,
0,0,0,0,,,2.006991368,,0.960293735,
0,0,0.826900133,0,,,2.968608723,,0,
0,0,0,0,,,1.871650382,,0,
0,0,0.77696834,0,,,0,,0.881549415,
0,0,0,0,,,0,,0.765117755,
0,0,0.91358327,0,,,1.013507818,,0.46064238,
0,0,0,0,,,0.744554934,,0.750945536,
0,0,0,0,,,1.236432925,,0.340958904,
0,0,0,0,,,0,,1.016433094,
0,0,0,0,,,2.380774856,,0,
0,0,0,0,,,2.496217717,,0,
0,0,0,0,,,2.005137877,,1.040105225,
0,0,0,0,,,0,,0,
0,0,0,0,,,1.940388566,,0,
0,0,0,0,,,1.904635165,,0,
0,0,0,0,,,2.053578012,,0,
0,0,0,0,,,3.049515251,,0,
0,0,0,0,,,1.811119589,,0,
0,0,0,0,,,1.737833177,,0.575531258,
1.182203451,0,0,0,,,3.088104495,,0,
0,0,0.750526703,0,,,1.927681954,,0,
0,0,0.977071641,0,,,1.846577515,,0,
0,0,0,0,,,1.945452721,,0,
0,0.97396922,0,0,,,1.939299964,,0.615803133,
0,0,0,0,,,2.034942813,,0,
0,0.805515662,0.825424632,0,,,0,,0,
0,0,0,0,,,2.30866967,,0.387150464,
0,0,0,0,,,2.408543525,,0.465754354,
0,0,1.926367453,0,,,1.272595783,,0.82626087,
0,0,0,0,,,0.521513693,,0.52204261,
0,0,1.382091838,0,,,1.243235928,,0,
0,1.34497056,0.671945319,0,,,2.146566447,,0.557867219,
0,0,0,0,,,1.516364186,,0.410161006,
0,0,0,0,,,2.697044177,,0.95349975,
0,0,1.144848849,0,,,1.899677565,,0,
0,0,0,0,,,2.053979477,,0.563266749,
0,0,0,0,,,1.695006627,,0,
0,0,0.975817577,0,,,1.260541019,,0,
2.051500716,0,0.965112293,0,,,2.404537847,,0,
0,2.30397539,0,0,,,2.019958952,,0,
0,0,0,0,,,1.048569278,,0,
0,0,1.957905558,0,,,1.487813905,,0,
0,0,0,0,,,1.483378516,,0,
0,0,0,0,,,2.593946961,,0.75413759,
0,0,0,0,,,1.147810554,,0,
0,0,0,0,,,1.671613429,,0,
0.839128434,0,0,0,,,2.166326367,,0,
0,0,0,0,,,0,,0,
1.939289972,0,1.029628401,0,,,0,,0,
0,0,0,0,,,1.456197712,,1.290946841,
0,1.03692493,0,0,,,1.76901781,,0,
0,0,0,0,,,1.943921216,,0,
0,0,0,0,,,1.659774532,,0,
0,0,0,0,,,1.893855002,,0,
0,0,0,0,,,1.500493526,,0,
0,0,0,0,,,2.620215928,,0,
0,0,0,0,,,2.542005691,,0,
0,0,0,0,,,0,,0,
0,0,0,0,,,2.152715409,,0.868030125,
0,0,0,0,,,1.412085905,,0,
0,0,0,0,,,1.694002955,,0.684681414,
0,2.000694405,0,0,,,0,,0,
0,0,0,0,,,2.032713385,,0.843260263,
0,0,1.408016829,0,,,1.051798195,,1.058094318,
0,0,1.976954379,0,,,1.570146799,,0,
0,0,0,0,,,0,,0,
0,0,1.07534982,1.055207108,,,0.869691816,,0,
0,0,0,0,,,0,,1.083280221,
0,0,0,0,,,2.222058576,,0.550328134,
0,0,0,0,,,0.894572535,,0,
0,0,0,0,,,1.941882597,,0,
0,0,0,0,,,2.191874495,,0.841890129,
0,0,2.409230097,1.11431239,,,1.458305992,,0,
0,0,0,0,,,2.353145456,,0.5656549,
0,1.551990579,0.810786916,0,,,1.641081479,,0.523857344,
0,0,0,1.332686732,,,1.259149544,,0.408203742,
1.251622359,0,0,0,,,1.071660055,,0,
0,0,0,1.327381083,,,1.727641334,,0.840703239,
0,0,1.602282344,0,,,2.153214191,,0.611798711,
0,0,0,1.215254494,,,1.459908727,,0,
0,0,1.006190533,1.100554538,,,2.579980237,,0.538222288,
0,0,2.994478365,0,,,2.51895393,,1.189550111,
0,0,0,0,,,0,,1.368421017,
0,0,0,0,,,2.171128703,,0,
0,0,0,0,,,1.371417531,,0,
0,0,0,0,,,1.971178704,,0,
0,,,0,,,2.108308534,,0,
1.115143246,,,0,,,0.828931236,,0,
0,,,0,,,2.124131184,,0,
0,,,0,,,1.177498027,,0,
0,,,0,,,2.469227714,,1.145673505,
0,,,0,,,1.728123865,,0.932661419,
0,,,0,,,2.551300917,,0.524925245,
0,,,0,,,1.881818795,,0,
0,,,0,,,0,,0,
0,,,0,,,1.660845781,,1.142428312,
0,,,0,,,1.601166881,,0.332386213,
0,,,0,,,0,,0,
1.463007363,,,1.461959443,,,1.816942353,,1.374676922,
0,,,0,,,0,,0,
0,,,0,,,0.638448695,,0,
0,,,0,,,1.831870111,,0,
0,,,0,,,0.455598205,,0.470017045,
1.26351417,,,0,,,2.867042515,,0,
0,,,0,,,1.809535008,,1.272420296,
0,,,0,,,2.417376879,,0.6140779,
0,,,0,,,1.199252396,,0,
0,,,0,,,1.820126953,,0.453200549,
0,,,1.88263282,,,1.675043821,,0,
0,,,0,,,1.097197801,,0,
0,,,0,,,2.66469118,,0,
0,,,0,,,2.352272012,,0.404433172,
0,,,0,,,1.299283295,,0,
1.677838601,,,0,,,1.238522454,,0,
0,,,0,,,1.663359978,,0,
0,,,1.322777518,,,,,,
0,,,0,,,,,,
0,,,0,,,,,,
1.076002214,,,0,,,,,,
0,,,0,,,,,,
0,,,0,,,,,,
0,,,0,,,,,,
0,,,0,,,,,,
0,,,0,,,,,,
0,,,0,,,,,,
3.221274821,,,0,,,,,,
0,,,1.311979618,,,,,,
0,,,0,,,,,,
0,,,0,,,,,,
0,,,0,,,,,,
0,,,0,,,,,,
0,,,0,,,,,,
0,,,0,,,,,,
0,,,0,,,,,,
0,,,0,,,,,,
0,,,1.151064228,,,,,,
0,,,0,,,,,,
0,,,0,,,,,,
1.062318176,,,0,,,,,,
0,,,0,,,,,,
0.880448926,,,0,,,,,,
0,,,0,,,,,,
0,,,0,,,,,,
0,,,0,,,,,,
0,,,0,,,,,,
0,,,0,,,,,,
0,,,0,,,,,,
0,,,0,,,,,,
0,,,0,,,,,,
0,,,0,,,,,,
0,,,1.562034621,,,,,,
0,,,0,,,,,,
2.183601833,,,0,,,,,,
1.980392726,,,0,,,,,,
0,,,0,,,,,,
0,,,0,,,,,,
1.420854345,,,0,,,,,,
0,,,0,,,,,,
0,,,0,,,,,,
0,,,0,,,,,,
0,,,0,,,,,,
0,,,0,,,,,,
0,,,0,,,,,,
0,,,0,,,,,,
0,,,0,,,,,,
0,,,0,,,,,,
0,,,0,,,,,,
0,,,0,,,,,,
0,,,0,,,,,,
0,,,0,,,,,,
0,,,1.54599161,,,,,,
0,,,1.082965981,,,,,,
0,,,0,,,,,,
0,,,0,,,,,,
0,,,0,,,,,,
0,,,0,,,,,,
0,,,0,,,,,,
0,,,0.771901883,,,,,,
0,,,1.925138227,,,,,,
0.82382755,,,1.287545495,,,,,,
0,,,0,,,,,,
0,,,0,,,,,,
0,,,0,,,,,,
0,,,1.286668641,,,,,,
0,,,0,,,,,,
0,,,1.381740184,,,,,,
0,,,0,,,,,,
0,,,0,,,,,,
0,,,0,,,,,,
0,,,0,,,,,,
0,,,0,,,,,,
0,,,0,,,,,,
0,,,0,,,,,,
0,,,0,,,,,,
0,,,0,,,,,,
0,,,0,,,,,,
0,,,0,,,,,,
0,,,0,,,,,,
0,,,0,,,,,,
0,,,0,,,,,,
0,,,0,,,,,,
0,,,0,,,,,,
0,,,0,,,,,,
0,,,0,,,,,,
0,,,0,,,,,,
1.291102005,,,0,,,,,,
0,,,0,,,,,,
0,,,0,,,,,,
0,,,0,,,,,,
0,,,0,,,,,,
0,,,0,,,,,,
0,,,1.847893203,,,,,,
0,,,0,,,,,,
0,,,0,,,,,,
0,,,0,,,,,,
0,,,0,,,,,,
0,,,0,,,,,,
0,,,0,,,,,,
0,,,0,,,,,,
0,,,0,,,,,,
0,,,0,,,,,,
0,,,0,,,,,,
0,,,0,,,,,,
0,,,0,,,,,,
0,,,0,,,,,,
0,,,0,,,,,,
0,,,1.172802615,,,,,,
0,,,0,,,,,,
0,,,0,,,,,,
0,,,0,,,,,,
0,,,1.155141679,,,,,,
0,,,0,,,,,,
0,,,0,,,,,,
0,,,0,,,,,,
1.173882489,,,0,,,,,,
0,,,0,,,,,,
0,,,0,,,,,,
0,,,0,,,,,,
0,,,0,,,,,,
0,,,0,,,,,,
0,,,1.217330754,,,,,,
0,,,0,,,,,,
0,,,0,,,,,,
0,,,0,,,,,,
0,,,0,,,,,,
0,,,0,,,,,,
0,,,0,,,,,,
0,,,0,,,,,,
0,,,0,,,,,,
0,,,0,,,,,,
0,,,0,,,,,,
2.598478734,,,0,,,,,,
0,,,0,,,,,,
0,,,0,,,,,,
0,,,0,,,,,,
0,,,0,,,,,,
0,,,0,,,,,,
0,,,0,,,,,,
0,,,0,,,,,,
0,,,0,,,,,,
0,,,0,,,,,,
0,,,0,,,,,,
0,,,0,,,,,,
1.028619996,,,0,,,,,,
0,,,0,,,,,,
0,,,0,,,,,,
0,,,0,,,,,,
0,,,0,,,,,,
0,,,0,,,,,,
0,,,0,,,,,,
0,,,0,,,,,,
1.749411797,,,0,,,,,,
0,,,1.422248591,,,,,,
0,,,0,,,,,,
0,,,1.076391328,,,,,,
0,,,0,,,,,,
0,,,0,,,,,,
0,,,0,,,,,,
0,,,0,,,,,,
0,,,0,,,,,,
0,,,0,,,,,,
0,,,0,,,,,,
0,,,0,,,,,,
1.420635947,,,1.411104697,,,,,,
0,,,0,,,,,,
0,,,0,,,,,,
0,,,0,,,,,,
0,,,0,,,,,,
0,,,0,,,,,,
0,,,0,,,,,,
0,,,0,,,,,,
0,,,0,,,,,,
0,,,0,,,,,,
0,,,0,,,,,,
0,,,0,,,,,,
0,,,0,,,,,,
0,,,0,,,,,,
0,,,0,,,,,,
0,,,0,,,,,,
0,,,0,,,,,,
0,,,0,,,,,,
0,,,0,,,,,,
0,,,0,,,,,,
0,,,0,,,,,,
0,,,0,,,,,,
0,,,0,,,,,,
0,,,0,,,,,,
0,,,0,,,,,,
0,,,0,,,,,,
0,,,0,,,,,,
0,,,0,,,,,,
0,,,0,,,,,,
0,,,0,,,,,,
0,,,0,,,,,,
0,,,0,,,,,,
0,,,0,,,,,,
0,,,0,,,,,,
0,,,0,,,,,,
0,,,0,,,,,,
0,,,0,,,,,,
0,,,0,,,,,,
0,,,0,,,,,,
0,,,0,,,,,,
0,,,0,,,,,,
0,,,0,,,,,,
0,,,0,,,,,,
0,,,0,,,,,,
0,,,0,,,,,,
0,,,0,,,,,,
0,,,1.634702251,,,,,,
0,,,0,,,,,,
0,,,0,,,,,,
0,,,0,,,,,,
1.200102869,,,0,,,,,,
0,,,0,,,,,,
0,,,1.059707544,,,,,,
0,,,0,,,,,,
0,,,0,,,,,,
0,,,0,,,,,,
0,,,0,,,,,,
0,,,0,,,,,,
0,,,0,,,,,,
0,,,0,,,,,,
0,,,0,,,,,,
0,,,0,,,,,,
0,,,0,,,,,,
0,,,0,,,,,,
0,,,0,,,,,,
0,,,0,,,,,,
0,,,0,,,,,,
0,,,0,,,,,,
0,,,0,,,,,,
0,,,0,,,,,,
0,,,0,,,,,,
0,,,0,,,,,,
0,,,0,,,,,,
0,,,0,,,,,,
0,,,0,,,,,,
0,,,0,,,,,,
0,,,0,,,,,,
0,,,0,,,,,,
0,,,0,,,,,,
0,,,0,,,,,,
0,,,0,,,,,,
0,,,0,,,,,,
0,,,0,,,,,,
0,,,0,,,,,,
0,,,0,,,,,,
0,,,0,,,,,,
0,,,0,,,,,,
0,,,0,,,,,,
0,,,0,,,,,,
0,,,0,,,,,,
0,,,1.249107936,,,,,,
0,,,0,,,,,,
0,,,0,,,,,,
0,,,0,,,,,,
1.128496293,,,0,,,,,,
0,,,0,,,,,,
1.004205821,,,0,,,,,,
0,,,0,,,,,,
0,,,0,,,,,,
0,,,0,,,,,,
0,,,1.430249255,,,,,,
0,,,0,,,,,,
0,,,0,,,,,,
0,,,0,,,,,,
0,,,0,,,,,,
0,,,0,,,,,,
0,,,0,,,,,,
0,,,0,,,,,,
1.111698541,,,0,,,,,,
1.061330728,,,0,,,,,,
0,,,0,,,,,,
0,,,0,,,,,,
0,,,0,,,,,,
0,,,0,,,,,,
0,,,0,,,,,,
0,,,0,,,,,,
0,,,0,,,,,,
0,,,0,,,,,,
1.086333061,,,0,,,,,,
0,,,0,,,,,,
0,,,1.399062013,,,,,,
0,,,0,,,,,,
0,,,0,,,,,,
0,,,0,,,,,,
0,,,0,,,,,,
0,,,0,,,,,,
0,,,0,,,,,,
0,,,0,,,,,,
0,,,1.146716024,,,,,,
0,,,0,,,,,,
0,,,0,,,,,,
0,,,0,,,,,,
0,,,0,,,,,,
0,,,0,,,,,,
0,,,0,,,,,,
0,,,0,,,,,,
0,,,0,,,,,,
0,,,0,,,,,,
0,,,0,,,,,,
0,,,1.269438277,,,,,,
0,,,0,,,,,,
0,,,0,,,,,,
0,,,0,,,,,,
0,,,0,,,,,,
0,,,0,,,,,,
0,,,0,,,,,,
0,,,0,,,,,,
0,,,0,,,,,,
0,,,0,,,,,,
0,,,0,,,,,,
0,,,0,,,,,,
0,,,0,,,,,,
0,,,0,,,,,,
0,,,0.665352002,,,,,,
0,,,0,,,,,,
0,,,0,,,,,,
0,,,0,,,,,,
0,,,0,,,,,,
0,,,0,,,,,,
0,,,0,,,,,,
0,,,1.474769842,,,,,,
0,,,0,,,,,,
0,,,0,,,,,,
0,,,0,,,,,,
0,,,0,,,,,,
0,,,0,,,,,,
0,,,1.780896259,,,,,,
0,,,0,,,,,,
0,,,1.255923003,,,,,,
0,,,0,,,,,,
0,,,0,,,,,,
0,,,0,,,,,,
1.725624319,,,0,,,,,,
0,,,0,,,,,,
0,,,0,,,,,,
0,,,1.153246333,,,,,,
0,,,0,,,,,,
0,,,0,,,,,,
0,,,0,,,,,,
0,,,0,,,,,,
0.910137864,,,0.957024083,,,,,,
0,,,0,,,,,,
0,,,1.275401428,,,,,,
0,,,0,,,,,,
0,,,1.125864978,,,,,,
0,,,0,,,,,,
0,,,0,,,,,,
0,,,0,,,,,,
0,,,0,,,,,,
0,,,0,,,,,,
0,,,0,,,,,,
0,,,0,,,,,,
0,,,0,,,,,,
0,,,0,,,,,,
0,,,0,,,,,,
0,,,0,,,,,,
0,,,0,,,,,,
0,,,0,,,,,,
0,,,0,,,,,,
0,,,1.437492434,,,,,,
0,,,0,,,,,,
1.264775843,,,0,,,,,,
0,,,0,,,,,,
1.995597141,,,0,,,,,,
0,,,0,,,,,,
0,,,0,,,,,,
0,,,1.078432584,,,,,,
0,,,0,,,,,,
0,,,0,,,,,,
1.492945331,,,0,,,,,,
0,,,0,,,,,,
0,,,0,,,,,,
0,,,0,,,,,,
0,,,0,,,,,,
0,,,0,,,,,,
0,,,0,,,,,,
0,,,0,,,,,,
0,,,0,,,,,,
0,,,0,,,,,,
0,,,1.112626145,,,,,,
0,,,0,,,,,,
0,,,0,,,,,,
0,,,0,,,,,,
0,,,0,,,,,,
1.267238259,,,0,,,,,,
0,,,0,,,,,,
0,,,0,,,,,,
0,,,0,,,,,,
0,,,0,,,,,,
0,,,0,,,,,,
0,,,0,,,,,,
0,,,0,,,,,,
0,,,1.779152393,,,,,,
0,,,0,,,,,,
0,,,0,,,,,,
0,,,0,,,,,,
0,,,0,,,,,,
0,,,0,,,,,,
0,,,0,,,,,,
0,,,0,,,,,,
0,,,0,,,,,,
0,,,0,,,,,,
0,,,0,,,,,,
0,,,0,,,,,,
0,,,0,,,,,,
0,,,0,,,,,,
0,,,0,,,,,,
0,,,1.117614444,,,,,,
0,,,0,,,,,,
1.133022502,,,0,,,,,,
0,,,1.183510952,,,,,,
0,,,0,,,,,,
0,,,0,,,,,,
0,,,0,,,,,,
0,,,0,,,,,,
0,,,0,,,,,,
0,,,0,,,,,,
0,,,1.290750838,,,,,,
0,,,0,,,,,,
0,,,0,,,,,,
0,,,0,,,,,,
0,,,0,,,,,,
0,,,0,,,,,,
0,,,0,,,,,,
0,,,0,,,,,,
0,,,0,,,,,,
0,,,1.131844142,,,,,,
0,,,0,,,,,,
0,,,0,,,,,,
0,,,0,,,,,,
0,,,0,,,,,,
0,,,0,,,,,,
0,,,0,,,,,,
0,,,0,,,,,,
0,,,0,,,,,,
0,,,0,,,,,,
0,,,0,,,,,,
0,,,0,,,,,,
0,,,0,,,,,,
0,,,0,,,,,,
0,,,0,,,,,,
1.546784213,,,0,,,,,,
0,,,0,,,,,,
0,,,0,,,,,,
0,,,0,,,,,,
0,,,0,,,,,,
0,,,0,,,,,,
0,,,0,,,,,,
0,,,0,,,,,,
0,,,0,,,,,,
0,,,0,,,,,,
0,,,0,,,,,,
0,,,0,,,,,,
0,,,0,,,,,,
0,,,0,,,,,,
0,,,0,,,,,,
0,,,0,,,,,,
0,,,0,,,,,,
0,,,0,,,,,,
0,,,0,,,,,,
0,,,0,,,,,,
0,,,0,,,,,,
0,,,0,,,,,,
0,,,0,,,,,,
0,,,0,,,,,,
0,,,0,,,,,,
0,,,0,,,,,,
0,,,0,,,,,,
0,,,0,,,,,,
0,,,0,,,,,,
0,,,0,,,,,,
0,,,0,,,,,,
0,,,0,,,,,,
0,,,1.360536673,,,,,,
0,,,0,,,,,,
0,,,0,,,,,,
0,,,0,,,,,,
0,,,0,,,,,,
0,,,0,,,,,,
0,,,0,,,,,,
0,,,0,,,,,,
1.076139269,,,0,,,,,,
0,,,0,,,,,,
0,,,0,,,,,,
0,,,0,,,,,,
0,,,0,,,,,,
0,,,0,,,,,,
0,,,0,,,,,,
0.921760032,,,0,,,,,,
0,,,0,,,,,,
0,,,0,,,,,,
0,,,0,,,,,,
0,,,0,,,,,,
0,,,0,,,,,,
0,,,1.045470087,,,,,,
0,,,0,,,,,,
0,,,0,,,,,,
0,,,0,,,,,,
0,,,0,,,,,,
0,,,0,,,,,,
0,,,0,,,,,,
0,,,0,,,,,,
0,,,0,,,,,,
0,,,0,,,,,,
0,,,0,,,,,,
0,,,0,,,,,,
0,,,0,,,,,,
0,,,0,,,,,,
0,,,0,,,,,,
0,,,0,,,,,,
0,,,0,,,,,,
0,,,0,,,,,,
0,,,0,,,,,,
0,,,0,,,,,,
0,,,0,,,,,,
0,,,0,,,,,,
0,,,0,,,,,,
0.950098852,,,1.436673805,,,,,,
0,,,0,,,,,,
0,,,0,,,,,,
0,,,0,,,,,,
0,,,0,,,,,,
0,,,0,,,,,,
0,,,0,,,,,,
0,,,0,,,,,,
0,,,0,,,,,,
0,,,0,,,,,,
0,,,0,,,,,,
0,,,0,,,,,,
0,,,0,,,,,,
0,,,0,,,,,,
0,,,0,,,,,,
0,,,0,,,,,,
0,,,0,,,,,,
0,,,0,,,,,,
0,,,0,,,,,,
1.128789577,,,0,,,,,,
0,,,0,,,,,,
0,,,0,,,,,,
0,,,0,,,,,,
0,,,0,,,,,,
0,,,0,,,,,,
0,,,0,,,,,,
0,,,0,,,,,,
0,,,0,,,,,,
0,,,0,,,,,,
0,,,0,,,,,,
0,,,0,,,,,,
0,,,0,,,,,,
0,,,0,,,,,,
0,,,0,,,,,,
0,,,0,,,,,,
0,,,1.454821288,,,,,,
0,,,0,,,,,,
0,,,0,,,,,,
0,,,0,,,,,,
0,,,1.273847846,,,,,,
0,,,0,,,,,,
0,,,0,,,,,,
0,,,0,,,,,,
0,,,0,,,,,,
0,,,0,,,,,,
0,,,0,,,,,,
0,,,0,,,,,,
0,,,0,,,,,,
0,,,0,,,,,,
0,,,0,,,,,,
0,,,0,,,,,,
0,,,0,,,,,,
0,,,0,,,,,,
0,,,0,,,,,,
0,,,0,,,,,,
0,,,0,,,,,,
0,,,0,,,,,,
0,,,0,,,,,,
0,,,1.98297892,,,,,,
1.252334754,,,0,,,,,,
0,,,0,,,,,,
0,,,0,,,,,,
0,,,0,,,,,,
0,,,0,,,,,,
0,,,0,,,,,,
0,,,0,,,,,,
0,,,1.008189315,,,,,,
0,,,0,,,,,,
0,,,1.051108518,,,,,,
0,,,0,,,,,,
0,,,0,,,,,,
0,,,0,,,,,,
0,,,0,,,,,,
0,,,0,,,,,,
0,,,0,,,,,,
0,,,0,,,,,,
0,,,0,,,,,,
0,,,0,,,,,,
0,,,0,,,,,,
0,,,0,,,,,,
0,,,0,,,,,,
0,,,0,,,,,,
0,,,0,,,,,,
0,,,0,,,,,,
0,,,0,,,,,,
0,,,0,,,,,,
0,,,0,,,,,,
0,,,0,,,,,,
1.962501181,,,0,,,,,,
0,,,0,,,,,,
0,,,2.859576985,,,,,,
0,,,0,,,,,,
0,,,0,,,,,,
0,,,0,,,,,,
0,,,0,,,,,,
0,,,1.499323984,,,,,,
0,,,2.114852867,,,,,,
0,,,0,,,,,,
0,,,0,,,,,,
0,,,0,,,,,,
0,,,0,,,,,,
0,,,0,,,,,,
0,,,0,,,,,,
1.70621402,,,1.757589972,,,,,,
0,,,0,,,,,,
0,,,0,,,,,,
0,,,0,,,,,,
0,,,0,,,,,,
0,,,0,,,,,,
0,,,0,,,,,,
0,,,1.524361744,,,,,,
0,,,0,,,,,,
0,,,0,,,,,,
0,,,0,,,,,,
0,,,0,,,,,,
0,,,0,,,,,,
0,,,0,,,,,,
0,,,0,,,,,,
0,,,0,,,,,,
0,,,0,,,,,,
0,,,0,,,,,,
0,,,0,,,,,,
0,,,0,,,,,,
0,,,0,,,,,,
0,,,0,,,,,,
0,,,0,,,,,,
0,,,0,,,,,,
0,,,0,,,,,,
0,,,1.88024918,,,,,,
0,,,0,,,,,,
0,,,0,,,,,,
1.082480127,,,1.602074149,,,,,,
0,,,0,,,,,,
0,,,0,,,,,,
0,,,0,,,,,,
0,,,0,,,,,,
0,,,0,,,,,,
0,,,0,,,,,,
0,,,0,,,,,,
0,,,0,,,,,,
0,,,0,,,,,,
0,,,1.19771711,,,,,,
0,,,0,,,,,,
0,,,1.34758877,,,,,,
0,,,0,,,,,,
0,,,0,,,,,,
0,,,0,,,,,,
0,,,0,,,,,,
0,,,1.468756709,,,,,,
0,,,0,,,,,,
0,,,0,,,,,,
0,,,0,,,,,,
0,,,0,,,,,,
0,,,0,,,,,,
0,,,0,,,,,,
0,,,0,,,,,,
0,,,0,,,,,,
0,,,0,,,,,,
0,,,0,,,,,,
0,,,0,,,,,,
0,,,0,,,,,,
0,,,0,,,,,,
0,,,0,,,,,,
0,,,0,,,,,,
0,,,0,,,,,,
0,,,0,,,,,,
0,,,0,,,,,,
0,,,1.311665784,,,,,,
0,,,0,,,,,,
0,,,0,,,,,,
0,,,0,,,,,,
0,,,0.653906374,,,,,,
0,,,0,,,,,,
0,,,0,,,,,,
0,,,0,,,,,,
0,,,0,,,,,,
0,,,0,,,,,,
0,,,0,,,,,,
0,,,0,,,,,,
0,,,0,,,,,,
0,,,0,,,,,,
0,,,0,,,,,,
0,,,0,,,,,,
0,,,0,,,,,,
0,,,0,,,,,,
0,,,0,,,,,,
0,,,0,,,,,,
1.294146943,,,0,,,,,,
0,,,2.837568277,,,,,,
0,,,0,,,,,,
0,,,0,,,,,,
0,,,1.175858228,,,,,,
0,,,0,,,,,,
0,,,0,,,,,,
0,,,0,,,,,,
0,,,0,,,,,,
0,,,0,,,,,,
0,,,0,,,,,,
0,,,0,,,,,,
0,,,0,,,,,,
0,,,0,,,,,,
0,,,0,,,,,,
0,,,0,,,,,,
0,,,0,,,,,,
0,,,0,,,,,,
0,,,0,,,,,,
0,,,0,,,,,,
0,,,0,,,,,,
0,,,0,,,,,,
0,,,0,,,,,,
0,,,0,,,,,,
0,,,0,,,,,,
0,,,0,,,,,,
0,,,0,,,,,,
0,,,0,,,,,,
0,,,0,,,,,,
0,,,0,,,,,,
0,,,0,,,,,,
0,,,0,,,,,,
0,,,0,,,,,,
0,,,0,,,,,,
0,,,0,,,,,,
0,,,0,,,,,,
0,,,0,,,,,,
0,,,0,,,,,,
0,,,0,,,,,,
0,,,0,,,,,,
0,,,0,,,,,,
0,,,1.376335538,,,,,,
0,,,0,,,,,,
0,,,0,,,,,,
0,,,0.954576808,,,,,,
0,,,0,,,,,,
0,,,0,,,,,,
0,,,0,,,,,,
0,,,0,,,,,,
0,,,0,,,,,,
0,,,0,,,,,,
0,,,0,,,,,,
0,,,1.239996517,,,,,,
0,,,0,,,,,,
0,,,0,,,,,,
0,,,0,,,,,,
0,,,0,,,,,,
0,,,0,,,,,,
0,,,0,,,,,,
0,,,0,,,,,,
0,,,0,,,,,,
0,,,0,,,,,,
0,,,0,,,,,,
0,,,0,,,,,,
0,,,0,,,,,,
0,,,0,,,,,,
0,,,0,,,,,,
0,,,0,,,,,,
0,,,0,,,,,,
0,,,0,,,,,,
0,,,0,,,,,,
1.377656531,,,0,,,,,,
0,,,0,,,,,,
0,,,0,,,,,,
0,,,0,,,,,,
0,,,0,,,,,,
0,,,0,,,,,,
0,,,0,,,,,,
0,,,0,,,,,,
0,,,0,,,,,,
0,,,0,,,,,,
0,,,0,,,,,,
1.364428314,,,0,,,,,,
0,,,0,,,,,,
0,,,0,,,,,,
0,,,0,,,,,,
0,,,0,,,,,,
0,,,0,,,,,,
0,,,0,,,,,,
0,,,0,,,,,,
0,,,0,,,,,,
0,,,0,,,,,,
0,,,0,,,,,,
0,,,1.285548921,,,,,,
0,,,0,,,,,,
0,,,0,,,,,,
1.113350257,,,0,,,,,,
0,,,0,,,,,,
0,,,0,,,,,,
1.037177737,,,0,,,,,,
0,,,0,,,,,,
0,,,0,,,,,,
0,,,0,,,,,,
0,,,0,,,,,,
0,,,0,,,,,,
0,,,0,,,,,,
0,,,0,,,,,,
0,,,0,,,,,,
0,,,0,,,,,,
0,,,0,,,,,,
0,,,0,,,,,,
0,,,0,,,,,,
0,,,0,,,,,,
0,,,0,,,,,,
0,,,0,,,,,,
0,,,0,,,,,,
0,,,0,,,,,,
0,,,0,,,,,,
0,,,0,,,,,,
0,,,0,,,,,,
0,,,0,,,,,,
0,,,0,,,,,,
0,,,0,,,,,,
0,,,0,,,,,,
0,,,0,,,,,,
0,,,0,,,,,,
0,,,0,,,,,,
0,,,0,,,,,,
0,,,0,,,,,,
0,,,0,,,,,,
0,,,0,,,,,,
0,,,0,,,,,,
0,,,0,,,,,,
0,,,0,,,,,,
0,,,2.409652683,,,,,,
0,,,0,,,,,,
0,,,0,,,,,,
0,,,1.191470789,,,,,,
0,,,0,,,,,,
0,,,0,,,,,,
0,,,0,,,,,,
0,,,0,,,,,,
0,,,0,,,,,,
0,,,0,,,,,,
0,,,0,,,,,,
0,,,0,,,,,,
1.247070647,,,1.244667022,,,,,,
0,,,0,,,,,,
0,,,0,,,,,,
0,,,0,,,,,,
0,,,0,,,,,,
0,,,1.375582948,,,,,,
0,,,0,,,,,,
0.99925384,,,0,,,,,,
1.147800598,,,0,,,,,,
0,,,0,,,,,,
0,,,0,,,,,,
0,,,0,,,,,,
0,,,0,,,,,,
1.357673731,,,0,,,,,,
0,,,0,,,,,,
0,,,0,,,,,,
0,,,0,,,,,,
0,,,0,,,,,,
0,,,0,,,,,,
1.10405312,,,0,,,,,,
0,,,0,,,,,,
0,,,0,,,,,,
0,,,0,,,,,,
0,,,0,,,,,,
0,,,0,,,,,,
0,,,0,,,,,,
0,,,0,,,,,,
0,,,1.249696342,,,,,,
1.492942584,,,0,,,,,,
0,,,0,,,,,,
0,,,0,,,,,,
0,,,0,,,,,,
0,,,0,,,,,,
0,,,0,,,,,,
0,,,0,,,,,,
0,,,2.173748382,,,,,,
0,,,0,,,,,,
0,,,0,,,,,,
0,,,1.078835695,,,,,,
0,,,0,,,,,,
1.143642296,,,1.154866405,,,,,,
0,,,1.217458248,,,,,,
0,,,0,,,,,,
1.209099803,,,0,,,,,,
0,,,0,,,,,,
0,,,0,,,,,,
0,,,0,,,,,,
0,,,0,,,,,,
0,,,0,,,,,,
0,,,0,,,,,,
0,,,0,,,,,,
0,,,0,,,,,,
0,,,0,,,,,,
0,,,0,,,,,,
0,,,0,,,,,,
0,,,0,,,,,,
0,,,0,,,,,,
0,,,0,,,,,,
0,,,0,,,,,,
0,,,0,,,,,,
0,,,0,,,,,,
0,,,0,,,,,,
0,,,0,,,,,,
0,,,0,,,,,,
0,,,0,,,,,,
0,,,0,,,,,,
0,,,0,,,,,,
0,,,0,,,,,,
2.246355836,,,0,,,,,,
0,,,0,,,,,,
0,,,0,,,,,,
0,,,0,,,,,,
0,,,0,,,,,,
0,,,0,,,,,,
0,,,0,,,,,,
0,,,0,,,,,,
0,,,0,,,,,,
0,,,0,,,,,,
0,,,0,,,,,,
1.225728915,,,0,,,,,,
0,,,0,,,,,,
1.530193825,,,1.524800362,,,,,,
0,,,0,,,,,,
0,,,0,,,,,,
0,,,0,,,,,,
0,,,1.234748409,,,,,,
0,,,0,,,,,,
0,,,0,,,,,,
0,,,0,,,,,,
0,,,0,,,,,,
0,,,0,,,,,,
0,,,0,,,,,,
0,,,0,,,,,,
0,,,0,,,,,,
0,,,0,,,,,,
0,,,0,,,,,,
0,,,0,,,,,,
0,,,0,,,,,,
0,,,0,,,,,,
0,,,0,,,,,,
0,,,0,,,,,,
0,,,0,,,,,,
1.504047983,,,0,,,,,,
0,,,2.771379735,,,,,,
0,,,0,,,,,,
0,,,0,,,,,,
0,,,0,,,,,,
0,,,0,,,,,,
0,,,0,,,,,,
0,,,0,,,,,,
0,,,0,,,,,,
0,,,0,,,,,,
0,,,0,,,,,,
0,,,0,,,,,,
0,,,0,,,,,,
0,,,0,,,,,,
0,,,1.310434846,,,,,,
0,,,0,,,,,,
1.298865512,,,0,,,,,,
0,,,0,,,,,,
0,,,0,,,,,,
0,,,0,,,,,,
0,,,0,,,,,,
0,,,0,,,,,,
0,,,0,,,,,,
0,,,0,,,,,,
0,,,0,,,,,,
0,,,0,,,,,,
0,,,0,,,,,,
0,,,0,,,,,,
0,,,0,,,,,,
0,,,0,,,,,,
0,,,1.624555576,,,,,,
0,,,0,,,,,,
0,,,0,,,,,,
0,,,0,,,,,,
0,,,0,,,,,,
0,,,0,,,,,,
0,,,0,,,,,,
0,,,0,,,,,,
0,,,0,,,,,,
0,,,0,,,,,,
0,,,0,,,,,,
0,,,0,,,,,,
0,,,0,,,,,,
0,,,0,,,,,,
0,,,0,,,,,,
0,,,0,,,,,,
0,,,0,,,,,,
0,,,1.410022279,,,,,,
0,,,0,,,,,,
0,,,0,,,,,,
0,,,0,,,,,,
0,,,0,,,,,,
1.457025175,,,0,,,,,,
0,,,0,,,,,,
0,,,0,,,,,,
1.027729421,,,0,,,,,,
0,,,1.085134356,,,,,,
0,,,0,,,,,,
0,,,0,,,,,,
0,,,0,,,,,,
0,,,0,,,,,,
0,,,0,,,,,,
0,,,0,,,,,,
0,,,0,,,,,,
0,,,0,,,,,,
0,,,0,,,,,,
0,,,0,,,,,,
0,,,0,,,,,,
0,,,0,,,,,,
0,,,0,,,,,,
0,,,0,,,,,,
0,,,1.337116888,,,,,,
0,,,0.897023493,,,,,,
0,,,0,,,,,,
0,,,0,,,,,,
0,,,0,,,,,,
0,,,0,,,,,,
0,,,0,,,,,,
0,,,0,,,,,,
0,,,0,,,,,,
1.731945738,,,0,,,,,,
0,,,1.259608029,,,,,,
0,,,0,,,,,,
0,,,0,,,,,,
0,,,0,,,,,,
0,,,0,,,,,,
0,,,0,,,,,,
1.309907504,,,0,,,,,,
0,,,0,,,,,,
0,,,0,,,,,,
0,,,0,,,,,,
0,,,0,,,,,,
0,,,0,,,,,,
0,,,0,,,,,,
0,,,0,,,,,,
0,,,0,,,,,,
0,,,0,,,,,,
0,,,0,,,,,,
0,,,0,,,,,,
0,,,0,,,,,,
0,,,0,,,,,,
0,,,0,,,,,,
0,,,0,,,,,,
0,,,0,,,,,,
0,,,0,,,,,,
0,,,0,,,,,,
0,,,0,,,,,,
0,,,0,,,,,,
0,,,0,,,,,,
0,,,0,,,,,,
0,,,0,,,,,,
0,,,0,,,,,,
0,,,0,,,,,,
0,,,0,,,,,,
0,,,0,,,,,,
0,,,0,,,,,,
0,,,0,,,,,,
0,,,1.194471914,,,,,,
0,,,0,,,,,,
0,,,1.352208828,,,,,,
0,,,0,,,,,,
1.132563636,,,0,,,,,,
0,,,0,,,,,,
0,,,0,,,,,,
1.11531252,,,0,,,,,,
0,,,0,,,,,,
0,,,0,,,,,,
0,,,0,,,,,,
0,,,0,,,,,,
0,,,0,,,,,,
0,,,0,,,,,,
0,,,0,,,,,,
0,,,0,,,,,,
0,,,0,,,,,,
0,,,1.247615436,,,,,,
0,,,1.983145127,,,,,,
0,,,1.092417097,,,,,,
0,,,0,,,,,,
0,,,0,,,,,,
0,,,0,,,,,,
0,,,0,,,,,,
0,,,0,,,,,,
0,,,0,,,,,,
0,,,0,,,,,,
1.71025769,,,0,,,,,,
0,,,0,,,,,,
0,,,0,,,,,,
0,,,0,,,,,,
0,,,0,,,,,,
0,,,0,,,,,,
0,,,1.948995265,,,,,,
0,,,0,,,,,,
0,,,0,,,,,,
0,,,0,,,,,,
0,,,0,,,,,,
0,,,0,,,,,,
0,,,0,,,,,,
0,,,0,,,,,,
0,,,0,,,,,,
0,,,0,,,,,,
0,,,0,,,,,,
0,,,0,,,,,,
0,,,0,,,,,,
0,,,0,,,,,,
0,,,0,,,,,,
0,,,0,,,,,,
0,,,0,,,,,,
0,,,0,,,,,,
0,,,0,,,,,,
0.728262319,,,0,,,,,,
0,,,0.955436644,,,,,,
0,,,0.782442117,,,,,,
0,,,0,,,,,,
0,,,0,,,,,,
0,,,0,,,,,,
0,,,0,,,,,,
0,,,0,,,,,,
1.508477498,,,0,,,,,,
0,,,0,,,,,,
0,,,0,,,,,,
0,,,1.728750536,,,,,,
0,,,0,,,,,,
0.869574179,,,0,,,,,,
0,,,0,,,,,,
0,,,0,,,,,,
0,,,0,,,,,,
0,,,0,,,,,,
0,,,0,,,,,,
0,,,0,,,,,,
0,,,1.052728229,,,,,,
0,,,0,,,,,,
0,,,0,,,,,,
0,,,0,,,,,,
0,,,0.8266656,,,,,,
0,,,0,,,,,,
0,,,0,,,,,,
0,,,0,,,,,,
0,,,0,,,,,,
0,,,0.946162226,,,,,,
0,,,0,,,,,,
0,,,0,,,,,,
0,,,0,,,,,,
0,,,0,,,,,,
0,,,1.243988964,,,,,,
0,,,0,,,,,,
0,,,0,,,,,,
0,,,0,,,,,,
0,,,0,,,,,,
0,,,0,,,,,,
0,,,0,,,,,,
0,,,1.691835899,,,,,,
0,,,0.861959258,,,,,,
0,,,0,,,,,,
0,,,0.849380147,,,,,,
0,,,0,,,,,,
0,,,0,,,,,,
0,,,0,,,,,,
0,,,0,,,,,,
0,,,2.44007579,,,,,,
0,,,0,,,,,,
0,,,1.505778797,,,,,,
0,,,0,,,,,,
0,,,0,,,,,,
0,,,0,,,,,,
1.24438323,,,1.237126667,,,,,,
0,,,0,,,,,,
0,,,0,,,,,,
0,,,0,,,,,,
0,,,0,,,,,,
0,,,0.942144146,,,,,,
0,,,0,,,,,,
0,,,0,,,,,,
0,,,0,,,,,,
0,,,0,,,,,,
0,,,0,,,,,,
0,,,1.27002658,,,,,,
0,,,0,,,,,,
0,,,0.794689819,,,,,,
0,,,0,,,,,,
0,,,0,,,,,,
0,,,0,,,,,,
0.776945988,,,0,,,,,,
0,,,0,,,,,,
0,,,0,,,,,,
0,,,1.719589144,,,,,,
0,,,0.933337454,,,,,,
0,,,0,,,,,,
0,,,0,,,,,,
0,,,0.793978993,,,,,,
0,,,0,,,,,,
0,,,0,,,,,,
0,,,0,,,,,,
0,,,0,,,,,,
0,,,1.364863724,,,,,,
0,,,0,,,,,,
0,,,0,,,,,,
0,,,1.119506322,,,,,,
0,,,1.208864287,,,,,,
0,,,1.374484911,,,,,,
0,,,0.896782579,,,,,,
0,,,0,,,,,,
0,,,0,,,,,,
0,,,0,,,,,,
0,,,0,,,,,,
0,,,0,,,,,,
0,,,0,,,,,,
0,,,0,,,,,,
0,,,0,,,,,,
0,,,0,,,,,,
0,,,0,,,,,,
0,,,0,,,,,,
0,,,0.854595758,,,,,,
0,,,0.879819658,,,,,,
0,,,0,,,,,,
0,,,0,,,,,,
0,,,1.435993532,,,,,,
0,,,0,,,,,,
0,,,0,,,,,,
1.51879536,,,1.291597053,,,,,,
0,,,0,,,,,,
0,,,0,,,,,,
0,,,0,,,,,,
0,,,0,,,,,,
0,,,0,,,,,,
0,,,0,,,,,,
0,,,0,,,,,,
0,,,0,,,,,,
0,,,0,,,,,,
0,,,0,,,,,,
0,,,0,,,,,,
0,,,0,,,,,,
0,,,0,,,,,,
0,,,0,,,,,,
0,,,0,,,,,,
0,,,0,,,,,,
0,,,0,,,,,,
0,,,0,,,,,,
0,,,0,,,,,,
0,,,0,,,,,,
0,,,0,,,,,,
1.649111916,,,0,,,,,,
0,,,0,,,,,,
0,,,1.362083204,,,,,,
0,,,0,,,,,,
0,,,0,,,,,,
0,,,0.995725509,,,,,,
1.312357891,,,0,,,,,,
0,,,0,,,,,,
0,,,0,,,,,,
0,,,0,,,,,,
0,,,0,,,,,,
0,,,1.085181071,,,,,,
0,,,0,,,,,,
0,,,0,,,,,,
0,,,0,,,,,,
0,,,0,,,,,,
0,,,0,,,,,,
0,,,0,,,,,,
0,,,0,,,,,,
0,,,0,,,,,,
0.82287006,,,0.794764286,,,,,,
0,,,0,,,,,,
0,,,0,,,,,,
0,,,0,,,,,,
0,,,0,,,,,,
0,,,2.466592335,,,,,,
0,,,0,,,,,,
0,,,1.016600917,,,,,,
0,,,0,,,,,,
0,,,0,,,,,,
0,,,0,,,,,,
0,,,0,,,,,,
0,,,0,,,,,,
0,,,0,,,,,,
0,,,0,,,,,,
0,,,0,,,,,,
0,,,0,,,,,,
0,,,1.417595333,,,,,,
0,,,0,,,,,,
0,,,0,,,,,,
0,,,0,,,,,,
0,,,0,,,,,,
0,,,0,,,,,,
0,,,0,,,,,,
0,,,0,,,,,,
0.889425738,,,0,,,,,,
0,,,0,,,,,,
0,,,1.454041171,,,,,,
0,,,0,,,,,,
0,,,0,,,,,,
0,,,0,,,,,,
0,,,1.430996656,,,,,,
0,,,0,,,,,,
0,,,0,,,,,,
0,,,0,,,,,,
0,,,0,,,,,,
0,,,0.962408768,,,,,,
0.829395511,,,1.330584302,,,,,,
0,,,0,,,,,,
0,,,0,,,,,,
0,,,0,,,,,,
0,,,0,,,,,,
0,,,0,,,,,,
1.301458114,,,0,,,,,,
0,,,0,,,,,,
0,,,0,,,,,,
0,,,0,,,,,,
0,,,0,,,,,,
0,,,0,,,,,,
0,,,0,,,,,,
0,,,1.862536746,,,,,,
0,,,0,,,,,,
0,,,0,,,,,,
0,,,0,,,,,,
0,,,0,,,,,,
0,,,1.017184694,,,,,,
0,,,1.037275252,,,,,,
0,,,0,,,,,,
0,,,0,,,,,,
0,,,0,,,,,,
0,,,2.230360971,,,,,,
0,,,0,,,,,,
0,,,0,,,,,,
0,,,0,,,,,,
0,,,0,,,,,,
0,,,0,,,,,,
0,,,0,,,,,,
0,,,0,,,,,,
0,,,0,,,,,,
0,,,0,,,,,,
0,,,0,,,,,,
0,,,0.910806198,,,,,,
0,,,0,,,,,,
0,,,0,,,,,,
0,,,0,,,,,,
0,,,0,,,,,,
0,,,0,,,,,,
0,,,1.639628448,,,,,,
0,,,0,,,,,,
0,,,0,,,,,,
0,,,0,,,,,,
0,,,0,,,,,,
0,,,0,,,,,,
0,,,0,,,,,,
0,,,0,,,,,,
0,,,0,,,,,,
0,,,0,,,,,,
0,,,0,,,,,,
0,,,0,,,,,,
0,,,0,,,,,,
0,,,0,,,,,,
0,,,0,,,,,,
0,,,0,,,,,,
0,,,0,,,,,,
0,,,0,,,,,,
0,,,0,,,,,,
1.006650691,,,1.022787476,,,,,,
0,,,0,,,,,,
0,,,0,,,,,,
0,,,0,,,,,,
1.085729398,,,0.67088895,,,,,,
0,,,0,,,,,,
0,,,0,,,,,,
0,,,0,,,,,,
0.72846305,,,0,,,,,,
0,,,0,,,,,,
0,,,0,,,,,,
0,,,0,,,,,,
0,,,0.954968356,,,,,,
0.90782444,,,0,,,,,,
0,,,0,,,,,,
0,,,0,,,,,,
0,,,0,,,,,,
0,,,0,,,,,,
0,,,0,,,,,,
0,,,0.975233955,,,,,,
0,,,0,,,,,,
1.220723464,,,0.94334591,,,,,,
0,,,0,,,,,,
0,,,0,,,,,,
0,,,0,,,,,,
0,,,0,,,,,,
0,,,0,,,,,,
0,,,0,,,,,,
0,,,0,,,,,,
0,,,0,,,,,,
0,,,0,,,,,,
0,,,0,,,,,,
0,,,0,,,,,,
0,,,1.424625396,,,,,,
0,,,0,,,,,,
0,,,0,,,,,,
0,,,0,,,,,,
0,,,1.265664912,,,,,,
0,,,0.845717333,,,,,,
0,,,0,,,,,,
0,,,0,,,,,,
0,,,0,,,,,,
0,,,0,,,,,,
0,,,0,,,,,,
0,,,0,,,,,,
0,,,0,,,,,,
0,,,0,,,,,,
0,,,0,,,,,,
0,,,0,,,,,,
0,,,0,,,,,,
0,,,1.060695628,,,,,,
0,,,0,,,,,,
0,,,0,,,,,,
0,,,0,,,,,,
0,,,0,,,,,,
0,,,0,,,,,,
0,,,0,,,,,,
0,,,0,,,,,,
0,,,0,,,,,,
0,,,0,,,,,,
0.929228094,,,0,,,,,,
0,,,0,,,,,,
0,,,0,,,,,,
0,,,0,,,,,,
0,,,0,,,,,,
0,,,0,,,,,,
0,,,0,,,,,,
0,,,0,,,,,,
0,,,0,,,,,,
0,,,0,,,,,,
0,,,0,,,,,,
0,,,1.709166678,,,,,,
0,,,0,,,,,,
0,,,0,,,,,,
0,,,0,,,,,,
0.836675693,,,0,,,,,,
0,,,0,,,,,,
0,,,0,,,,,,
0,,,0,,,,,,
0,,,0,,,,,,
0,,,0,,,,,,
0,,,0,,,,,,
0,,,0,,,,,,
0,,,0,,,,,,
0,,,0,,,,,,
0,,,0,,,,,,
0,,,0,,,,,,
0,,,0,,,,,,
0,,,0,,,,,,
0,,,0,,,,,,
0,,,0,,,,,,
0,,,0,,,,,,
0,,,0,,,,,,
0,,,0,,,,,,
0,,,1.33339557,,,,,,
0,,,0,,,,,,
0,,,0,,,,,,
0,,,0,,,,,,
0,,,1.449947514,,,,,,
0,,,0,,,,,,
0,,,0,,,,,,
0,,,1.786191718,,,,,,
0,,,0,,,,,,
0,,,0,,,,,,
0,,,0,,,,,,
0,,,0,,,,,,
0,,,0,,,,,,
0,,,0,,,,,,
0,,,0,,,,,,
0,,,0,,,,,,
0,,,0,,,,,,
0,,,0,,,,,,
0,,,0,,,,,,
0,,,0,,,,,,
0,,,0,,,,,,
0,,,0,,,,,,
0,,,0,,,,,,
1.264754288,,,0,,,,,,
0,,,0,,,,,,
0,,,0,,,,,,
0,,,0,,,,,,
0,,,0.92094034,,,,,,
0,,,0,,,,,,
0,,,1.159465644,,,,,,
0,,,0.839881049,,,,,,
0,,,0,,,,,,
0,,,0,,,,,,
0,,,0,,,,,,
0,,,0,,,,,,
0,,,1.332681279,,,,,,
0,,,0,,,,,,
1.212296507,,,0,,,,,,
0,,,0,,,,,,
1.171054409,,,0,,,,,,
0,,,0,,,,,,
1.012071146,,,0.997978169,,,,,,
0,,,0.854575424,,,,,,
1.231553946,,,0,,,,,,
0,,,0,,,,,,
0,,,0,,,,,,
0,,,0,,,,,,
0,,,0,,,,,,
0,,,0,,,,,,
0,,,0,,,,,,
0,,,0,,,,,,
1.337747432,,,0,,,,,,
0,,,0,,,,,,
0,,,0,,,,,,
0,,,0,,,,,,
0,,,0,,,,,,
0,,,0,,,,,,
0,,,1.311550711,,,,,,
0,,,0,,,,,,
0,,,0,,,,,,
0,,,1.105744151,,,,,,
0,,,0,,,,,,
0,,,0,,,,,,
0,,,0,,,,,,
0,,,0,,,,,,
0,,,0,,,,,,
0,,,0,,,,,,
0,,,0,,,,,,
0,,,0,,,,,,
0,,,0,,,,,,
0.884636148,,,0,,,,,,
0,,,0,,,,,,
0,,,0,,,,,,
0,,,0,,,,,,
0,,,0,,,,,,
0,,,0,,,,,,
0,,,0,,,,,,
0,,,0,,,,,,
0,,,0,,,,,,
0,,,0,,,,,,
0,,,0,,,,,,
0,,,0.951310551,,,,,,
0,,,0,,,,,,
0,,,0,,,,,,
0.746074939,,,0,,,,,,
0,,,0,,,,,,
0,,,0,,,,,,
0,,,0.746152903,,,,,,
0,,,0,,,,,,
0,,,0,,,,,,
0,,,0,,,,,,
0,,,0.745176219,,,,,,
0,,,0,,,,,,
0,,,0,,,,,,
0,,,0,,,,,,
1.267687012,,,0,,,,,,
0,,,0,,,,,,
0,,,0,,,,,,
0,,,1.259182012,,,,,,
0,,,0,,,,,,
0,,,0,,,,,,
0,,,0,,,,,,
0,,,0,,,,,,
0,,,0,,,,,,
0,,,1.130961834,,,,,,
0,,,0,,,,,,
0,,,0,,,,,,
0,,,0.83425085,,,,,,
0,,,0,,,,,,
0,,,0,,,,,,
0,,,0,,,,,,
0,,,0,,,,,,
0,,,0.980124767,,,,,,
0,,,0,,,,,,
0,,,0,,,,,,
0,,,0,,,,,,
0,,,0,,,,,,
0,,,0,,,,,,
0,,,0,,,,,,
1.936253662,,,0.531041356,,,,,,
0,,,0,,,,,,
0,,,0,,,,,,
0,,,0,,,,,,
0,,,0,,,,,,
0,,,0,,,,,,
0,,,0,,,,,,
1.020413052,,,1.061466594,,,,,,
0,,,0,,,,,,
0,,,0.906768858,,,,,,
0,,,0,,,,,,
0,,,0.812644858,,,,,,
0,,,0,,,,,,
0,,,0.866638692,,,,,,
0,,,0,,,,,,
0,,,0,,,,,,
0.845862552,,,0,,,,,,
0,,,0,,,,,,
1.663211774,,,0,,,,,,
0.725735838,,,0,,,,,,
0,,,0,,,,,,
0,,,0,,,,,,
0,,,0,,,,,,
0,,,0,,,,,,
0,,,0,,,,,,
0,,,0,,,,,,
0,,,0,,,,,,
0,,,0,,,,,,
0,,,0,,,,,,
2.432679108,,,0,,,,,,
0,,,0,,,,,,
0,,,0,,,,,,
0,,,0,,,,,,
0,,,0,,,,,,
0,,,1.849180432,,,,,,
0,,,0,,,,,,
0,,,0,,,,,,
1.854179301,,,0,,,,,,
0,,,0,,,,,,
0,,,0,,,,,,
0,,,0,,,,,,
0,,,0,,,,,,
0,,,0,,,,,,
0,,,1.619039285,,,,,,
0,,,0,,,,,,
0,,,0,,,,,,
0,,,0,,,,,,
0,,,0,,,,,,
0,,,0,,,,,,
0,,,0,,,,,,
0.972418077,,,0,,,,,,
0,,,0,,,,,,
0,,,0,,,,,,
0,,,0,,,,,,
0,,,0,,,,,,
0,,,0,,,,,,
0,,,0,,,,,,
0,,,0,,,,,,
0,,,0.994777323,,,,,,
0,,,0.893933081,,,,,,
0,,,0,,,,,,
0,,,0,,,,,,
0,,,0,,,,,,
0,,,0,,,,,,
0,,,0.510804119,,,,,,
0,,,0,,,,,,
0,,,0,,,,,,
0,,,0,,,,,,
0,,,0,,,,,,
1.543896791,,,0,,,,,,
0,,,1.027595327,,,,,,
0.939876341,,,1.441306399,,,,,,
0,,,0,,,,,,
0,,,0,,,,,,
0,,,0,,,,,,
0,,,0,,,,,,
0,,,0,,,,,,
0,,,0,,,,,,
0,,,0,,,,,,
0,,,0,,,,,,
0,,,0,,,,,,
0,,,0,,,,,,
0,,,0,,,,,,
1.799093646,,,0,,,,,,
0,,,0,,,,,,
0,,,0,,,,,,
0,,,0,,,,,,
0,,,1.13026812,,,,,,
0,,,0,,,,,,
0,,,0,,,,,,
0,,,0,,,,,,
0,,,0,,,,,,
0,,,0,,,,,,
0,,,0,,,,,,
0,,,0,,,,,,
0.819511512,,,0,,,,,,
0,,,0,,,,,,
0,,,0,,,,,,
0,,,0,,,,,,
0,,,1.434558848,,,,,,
0,,,0,,,,,,
0,,,2.048100609,,,,,,
0,,,0,,,,,,
0,,,0,,,,,,
0.961868689,,,0,,,,,,
1.540144871,,,0,,,,,,
0,,,0,,,,,,
0,,,0,,,,,,
0,,,0,,,,,,
0,,,0,,,,,,
0,,,0,,,,,,
0,,,0,,,,,,
0,,,0,,,,,,
0,,,0,,,,,,
1.569754623,,,0,,,,,,
0,,,0,,,,,,
0,,,0,,,,,,
0,,,0,,,,,,
1.250383528,,,0,,,,,,
0.885189954,,,0,,,,,,
0,,,0,,,,,,
0,,,0,,,,,,
0,,,0,,,,,,
0,,,0,,,,,,
0,,,0,,,,,,
0,,,0,,,,,,
0,,,0,,,,,,
0,,,0,,,,,,
0,,,0,,,,,,
0,,,0,,,,,,
1.578243329,,,0,,,,,,
0,,,0,,,,,,
0,,,0,,,,,,
0,,,0,,,,,,
0,,,0,,,,,,
0,,,1.063655037,,,,,,
0,,,0,,,,,,
0,,,0.941783772,,,,,,
1.830188993,,,0,,,,,,
0,,,0,,,,,,
0,,,0,,,,,,
0,,,0,,,,,,
0,,,0,,,,,,
0,,,0,,,,,,
0,,,0,,,,,,
0,,,0,,,,,,
0,,,0,,,,,,
0,,,0,,,,,,
0,,,0,,,,,,
0,,,0,,,,,,
0,,,0,,,,,,
0,,,0,,,,,,
1.427463305,,,0,,,,,,
0,,,0,,,,,,
0,,,0,,,,,,
0,,,0,,,,,,
1.776042256,,,0,,,,,,
0,,,0,,,,,,
0,,,0,,,,,,
0,,,1.347767913,,,,,,
0,,,0,,,,,,
0,,,0,,,,,,
0,,,0,,,,,,
0,,,0,,,,,,
1.115021369,,,0,,,,,,
0,,,0,,,,,,
0,,,0,,,,,,
0,,,0,,,,,,
0,,,0,,,,,,
0,,,0,,,,,,
0,,,0,,,,,,
0,,,0,,,,,,
0,,,0,,,,,,
0,,,0,,,,,,
0,,,0,,,,,,
0,,,0,,,,,,
0,,,0,,,,,,
0,,,0,,,,,,
0,,,0,,,,,,
0,,,0,,,,,,
0,,,0,,,,,,
0,,,0.863227283,,,,,,
0,,,0,,,,,,
0,,,0,,,,,,
0,,,0,,,,,,
0,,,3.295306005,,,,,,
0,,,0,,,,,,
0,,,0.772140553,,,,,,
0,,,0,,,,,,
0,,,0,,,,,,
0,,,0,,,,,,
0,,,0,,,,,,
0,,,0,,,,,,
0,,,0.872656981,,,,,,
0,,,0,,,,,,
0,,,0.791536458,,,,,,
0,,,0,,,,,,
0,,,1.480532497,,,,,,
0,,,1.002750471,,,,,,
0,,,0.980212529,,,,,,
0,,,0.68967328,,,,,,
0,,,0,,,,,,
0,,,0,,,,,,
0,,,0,,,,,,
0,,,0,,,,,,
0,,,0.835108711,,,,,,
2.043987288,,,0,,,,,,
0,,,2.911743829,,,,,,
0,,,0.987779999,,,,,,
0,,,0,,,,,,
0,,,0,,,,,,
0,,,0,,,,,,
0,,,0,,,,,,
0,,,0,,,,,,
0,,,0,,,,,,
0,,,0.686238387,,,,,,
0,,,0,,,,,,
0,,,1.161255247,,,,,,
0,,,0,,,,,,
0,,,0,,,,,,
0,,,0,,,,,,
0,,,0,,,,,,
0,,,0,,,,,,
0,,,0,,,,,,
0,,,0,,,,,,
0,,,0,,,,,,
0,,,0.898096241,,,,,,
0,,,0,,,,,,
0,,,0,,,,,,
0,,,0.997498548,,,,,,
0,,,0,,,,,,
0,,,0,,,,,,
0,,,0,,,,,,
0,,,0,,,,,,
0,,,0,,,,,,
0,,,0,,,,,,
0.817861127,,,0,,,,,,
0,,,0,,,,,,
0,,,0,,,,,,
1.075777612,,,1.094310028,,,,,,
0,,,1.379836308,,,,,,
0,,,0,,,,,,
0,,,0,,,,,,
0,,,0,,,,,,
0,,,0,,,,,,
0,,,0,,,,,,
1.497083217,,,0,,,,,,
0,,,0,,,,,,
0,,,0,,,,,,
0,,,0,,,,,,
0,,,0,,,,,,
0,,,0,,,,,,
0,,,1.599792936,,,,,,
0,,,0.865245429,,,,,,
0,,,0,,,,,,
0,,,0,,,,,,
0,,,0,,,,,,
0,,,0,,,,,,
0,,,0,,,,,,
0,,,0,,,,,,
0.909209124,,,0,,,,,,
0,,,0,,,,,,
0,,,0,,,,,,
0,,,0,,,,,,
0,,,0,,,,,,
0,,,0,,,,,,
0,,,0.888977195,,,,,,
0,,,0,,,,,,
0,,,0,,,,,,
0,,,0,,,,,,
0,,,0,,,,,,
0,,,1.303345739,,,,,,
0,,,0,,,,,,
0,,,0,,,,,,
0,,,0,,,,,,
0,,,1.23227085,,,,,,
0,,,0,,,,,,
1.337512922,,,0.86936676,,,,,,
0,,,1.443846382,,,,,,
0,,,0,,,,,,
0,,,1.693820697,,,,,,
0,,,0,,,,,,
0,,,0,,,,,,
0,,,0,,,,,,
0,,,0,,,,,,
0.536184531,,,0,,,,,,
0,,,1.208546657,,,,,,
0,,,0,,,,,,
0,,,0.947051951,,,,,,
0,,,1.095107473,,,,,,
0,,,0,,,,,,
0,,,0,,,,,,
0,,,0.810073387,,,,,,
0,,,0,,,,,,
0,,,0,,,,,,
0,,,0,,,,,,
0,,,0,,,,,,
0,,,0,,,,,,
0,,,0,,,,,,
0,,,1.750815044,,,,,,
0,,,0,,,,,,
0.933940951,,,0.922034343,,,,,,
0,,,0,,,,,,
0,,,0,,,,,,
0,,,0,,,,,,
0,,,0,,,,,,
0,,,0,,,,,,
0,,,0,,,,,,
0,,,0,,,,,,
0,,,0,,,,,,
0,,,0,,,,,,
0,,,0,,,,,,
0,,,0,,,,,,
0,,,0,,,,,,
0.835134609,,,0.829992201,,,,,,
0,,,0,,,,,,
0,,,0,,,,,,
0,,,0,,,,,,
0,,,1.309524556,,,,,,
0,,,0,,,,,,
0,,,0,,,,,,
0,,,0,,,,,,
0,,,0,,,,,,
0,,,1.251834558,,,,,,
0,,,0,,,,,,
0,,,0,,,,,,
0,,,0,,,,,,
0,,,0,,,,,,
0,,,0,,,,,,
0,,,0,,,,,,
0,,,0,,,,,,
0,,,0,,,,,,
0,,,1.312926382,,,,,,
0,,,0.753278862,,,,,,
0,,,0,,,,,,
0,,,0,,,,,,
0,,,0,,,,,,
0,,,0,,,,,,
0,,,0,,,,,,
0,,,0,,,,,,
0,,,0.802242873,,,,,,
0,,,0,,,,,,
0,,,0,,,,,,
0,,,0,,,,,,
0,,,1.128464783,,,,,,
0,,,0,,,,,,
0.957344853,,,0,,,,,,
0,,,0,,,,,,
0,,,0,,,,,,
0,,,0,,,,,,
0,,,0,,,,,,
0,,,0,,,,,,
0,,,0,,,,,,
0,,,0,,,,,,
0,,,0,,,,,,
0,,,0,,,,,,
0,,,0,,,,,,
0.7696556,,,0,,,,,,
0,,,0,,,,,,
1.17988552,,,0,,,,,,
0.69376135,,,0,,,,,,
0,,,0,,,,,,
0,,,0,,,,,,
0,,,0,,,,,,
0,,,0,,,,,,
0,,,0,,,,,,
0,,,0,,,,,,
0,,,0,,,,,,
0,,,0.696842227,,,,,,
0,,,0,,,,,,
0,,,1.016208482,,,,,,
0,,,0,,,,,,
0.916328567,,,0,,,,,,
0,,,0,,,,,,
0,,,0,,,,,,
0,,,0,,,,,,
0,,,0,,,,,,
0,,,0,,,,,,
0,,,0,,,,,,
0,,,0,,,,,,
0,,,0,,,,,,
0,,,0,,,,,,
0,,,0,,,,,,
0,,,0,,,,,,
0,,,1.729174881,,,,,,
0,,,0,,,,,,
0,,,0,,,,,,
0,,,0,,,,,,
0,,,0,,,,,,
0,,,0,,,,,,
0,,,0,,,,,,
0,,,0,,,,,,
0,,,0,,,,,,
0,,,0,,,,,,
0,,,1.085794686,,,,,,
0,,,0,,,,,,
0,,,0,,,,,,
1.667370682,,,0,,,,,,
0,,,0,,,,,,
0,,,0,,,,,,
0.889965627,,,0.916947782,,,,,,
0,,,1.77007389,,,,,,
0.876357899,,,0.869199936,,,,,,
0,,,0,,,,,,
0,,,0,,,,,,
0,,,0,,,,,,
0,,,0,,,,,,
0,,,0,,,,,,
0,,,1.42946279,,,,,,
0,,,0,,,,,,
0,,,0,,,,,,
0,,,0,,,,,,
0,,,0,,,,,,
0,,,0,,,,,,
0,,,0,,,,,,
0,,,0,,,,,,
0,,,0.880120807,,,,,,
0,,,0,,,,,,
0,,,0,,,,,,
0,,,0,,,,,,
0,,,1.097670414,,,,,,
0,,,0,,,,,,
0,,,0,,,,,,
0,,,0,,,,,,
0,,,0,,,,,,
0,,,0.940868821,,,,,,
0,,,0,,,,,,
0,,,1.518828063,,,,,,
0,,,0,,,,,,
0,,,0,,,,,,
0,,,0.579521758,,,,,,
0,,,0,,,,,,
0,,,0,,,,,,
1.116098114,,,0,,,,,,
0.785229335,,,0,,,,,,
1.026481037,,,0,,,,,,
0,,,0,,,,,,
0,,,0,,,,,,
0,,,0,,,,,,
0,,,0,,,,,,
0,,,0,,,,,,
0,,,0,,,,,,
0,,,0,,,,,,
0,,,0,,,,,,
0,,,0,,,,,,
0,,,0,,,,,,
0,,,0,,,,,,
0,,,0,,,,,,
0,,,1.753207555,,,,,,
2.005137327,,,0,,,,,,
0,,,0,,,,,,
0,,,0,,,,,,
0,,,0,,,,,,
0,,,0,,,,,,
0,,,0,,,,,,
0,,,0.898500981,,,,,,
0,,,0,,,,,,
0,,,0,,,,,,
0,,,0,,,,,,
0,,,0,,,,,,
0,,,0,,,,,,
0,,,0,,,,,,
0,,,0,,,,,,
0,,,0,,,,,,
0,,,0,,,,,,
0,,,0,,,,,,
0,,,0.889493395,,,,,,
0,,,0,,,,,,
0,,,0,,,,,,
0,,,0,,,,,,
0,,,0,,,,,,
0,,,0,,,,,,
0,,,0,,,,,,
0,,,0,,,,,,
0,,,0,,,,,,
0,,,0,,,,,,
0,,,0,,,,,,
0,,,0,,,,,,
0,,,0,,,,,,
0,,,0,,,,,,
0,,,0,,,,,,
0,,,0,,,,,,
0,,,0,,,,,,
0,,,0,,,,,,
0,,,0,,,,,,
0,,,0,,,,,,
0,,,0,,,,,,
0,,,0,,,,,,
0.792223182,,,0,,,,,,
0,,,1.063302973,,,,,,
0,,,1.210834801,,,,,,
0,,,0,,,,,,
0,,,0,,,,,,
0,,,0,,,,,,
0,,,0,,,,,,
0,,,0,,,,,,
0,,,0,,,,,,
0,,,0,,,,,,
0,,,0,,,,,,
0.755992107,,,0,,,,,,
0,,,0,,,,,,
0,,,0,,,,,,
0,,,0,,,,,,
0,,,0,,,,,,
0,,,0,,,,,,
0,,,0,,,,,,
0,,,0,,,,,,
0.823656463,,,0,,,,,,
0,,,0,,,,,,
0,,,0.98868627,,,,,,
0,,,0,,,,,,
1.662200133,,,0,,,,,,
0,,,1.928817061,,,,,,
0,,,0,,,,,,
0,,,1.458880257,,,,,,
0,,,0,,,,,,
0,,,1.318486089,,,,,,
0,,,0,,,,,,
0,,,0,,,,,,
1.176620819,,,0,,,,,,
0,,,0,,,,,,
0,,,0,,,,,,
0,,,0,,,,,,
0,,,0,,,,,,
0,,,0,,,,,,
0,,,0,,,,,,
0,,,0,,,,,,
0,,,1.116134363,,,,,,
0,,,0,,,,,,
0,,,0,,,,,,
0.956564283,,,0,,,,,,
0,,,0,,,,,,
0,,,0,,,,,,
0,,,0,,,,,,
0,,,0,,,,,,
0,,,0,,,,,,
0,,,0,,,,,,
0,,,0,,,,,,
0,,,0,,,,,,
1.570576333,,,0,,,,,,
0,,,0,,,,,,
0,,,0,,,,,,
0,,,0,,,,,,
0,,,0,,,,,,
2.00631208,,,0,,,,,,
0,,,0,,,,,,
0,,,0,,,,,,
1.268035752,,,0,,,,,,
1.204799776,,,0,,,,,,
1.374101494,,,0,,,,,,
1.605375573,,,0,,,,,,
0.795846343,,,0,,,,,,
1.517104496,,,0,,,,,,
0,,,0,,,,,,
0.730500922,,,0,,,,,,
0,,,0,,,,,,
0,,,0,,,,,,
0,,,0.643223193,,,,,,
0,,,0,,,,,,
0,,,0.922201945,,,,,,
1.083014271,,,0,,,,,,
2.290142438,,,0,,,,,,
0,,,0,,,,,,
0,,,0,,,,,,
0,,,0,,,,,,
0,,,0,,,,,,
0,,,0,,,,,,
0,,,0,,,,,,
0,,,0,,,,,,
0,,,0.987064096,,,,,,
0,,,0,,,,,,
0.657591442,,,0,,,,,,
0,,,0,,,,,,
0,,,0,,,,,,
0,,,0,,,,,,
1.157013161,,,0,,,,,,
2.626901162,,,0,,,,,,
1.819873384,,,0,,,,,,
0.666532764,,,1.05756414,,,,,,
0,,,0,,,,,,
0,,,0,,,,,,
0,,,0,,,,,,
0,,,0,,,,,,
0,,,3.129071022,,,,,,
0,,,0,,,,,,
0,,,2.773694275,,,,,,
0,,,0,,,,,,
0,,,0,,,,,,
0,,,0,,,,,,
0,,,0,,,,,,
0,,,0,,,,,,
0.96443242,,,0,,,,,,
0,,,0,,,,,,
0,,,0,,,,,,
0,,,0,,,,,,
0,,,0,,,,,,
0,,,0,,,,,,
0,,,0,,,,,,
0,,,0,,,,,,
0,,,0,,,,,,
0,,,0,,,,,,
0,,,0.872987871,,,,,,
0,,,0.769361734,,,,,,
0,,,0,,,,,,
0,,,0,,,,,,
0,,,2.494141454,,,,,,
0,,,0,,,,,,
0,,,0,,,,,,
0,,,0.862819687,,,,,,
0,,,0,,,,,,
0,,,0,,,,,,
0,,,0,,,,,,
0,,,0.795444773,,,,,,
0,,,0,,,,,,
2.697392678,,,0,,,,,,
0,,,1.106456534,,,,,,
0,,,1.950310744,,,,,,
2.397405273,,,0,,,,,,
0,,,0,,,,,,
0,,,0,,,,,,
0,,,0,,,,,,
0,,,0,,,,,,
0,,,0,,,,,,
0,,,0,,,,,,
0,,,0,,,,,,
0,,,0,,,,,,
0.977222674,,,0,,,,,,
0,,,0,,,,,,
0,,,0,,,,,,
0,,,0,,,,,,
0,,,0,,,,,,
0,,,0,,,,,,
0,,,0,,,,,,
0,,,0,,,,,,
0,,,1.403596896,,,,,,
0,,,0,,,,,,
0,,,0,,,,,,
0,,,3.111535015,,,,,,
0,,,0,,,,,,
0,,,0,,,,,,
2.746032428,,,0,,,,,,
0,,,0,,,,,,
0,,,0,,,,,,
0,,,0,,,,,,
0,,,0,,,,,,
0,,,0,,,,,,
0,,,0,,,,,,
0,,,0,,,,,,
0,,,0,,,,,,
0,,,0,,,,,,
0,,,0,,,,,,
0,,,0,,,,,,
0,,,0,,,,,,
1.215611379,,,0,,,,,,
0,,,3.101119347,,,,,,
1.533536297,,,0,,,,,,
0,,,0.892441859,,,,,,
0,,,0,,,,,,
0,,,0,,,,,,
0,,,0.89132925,,,,,,
0,,,0,,,,,,
0.91252365,,,0,,,,,,
0,,,0,,,,,,
0,,,0,,,,,,
0,,,0,,,,,,
0,,,0,,,,,,
0,,,0,,,,,,
0,,,0,,,,,,
0,,,0,,,,,,
0,,,0,,,,,,
0,,,0,,,,,,
0,,,0,,,,,,
0,,,0,,,,,,
0,,,0,,,,,,
0,,,0,,,,,,
0,,,0,,,,,,
0,,,0,,,,,,
0,,,0,,,,,,
0,,,0,,,,,,
0,,,2.842914415,,,,,,
0,,,0,,,,,,
0,,,0,,,,,,
0,,,0.936483193,,,,,,
0,,,0,,,,,,
0,,,0,,,,,,
0,,,0,,,,,,
0,,,0,,,,,,
0,,,0,,,,,,
0,,,0,,,,,,
0,,,2.852945251,,,,,,
0,,,0,,,,,,
0,,,0,,,,,,
0,,,2.904434753,,,,,,
0,,,0,,,,,,
0,,,0,,,,,,
0,,,0,,,,,,
0,,,0,,,,,,
0,,,0,,,,,,
0,,,0,,,,,,
0,,,0,,,,,,
0,,,0,,,,,,
0,,,0,,,,,,
0,,,0,,,,,,
0,,,0,,,,,,
0,,,0,,,,,,
0,,,0,,,,,,
0,,,0,,,,,,
0,,,0,,,,,,
0,,,0,,,,,,
0,,,0,,,,,,
0,,,0,,,,,,
0,,,0,,,,,,
0,,,3.509961682,,,,,,
0,,,0,,,,,,
0,,,3.072232509,,,,,,
0,,,0,,,,,,
0,,,0,,,,,,
0,,,0,,,,,,
0,,,0,,,,,,
0,,,0,,,,,,
0,,,0,,,,,,
0,,,0,,,,,,
2.808098486,,,0,,,,,,
0,,,0,,,,,,
0,,,0,,,,,,
0,,,1.497039726,,,,,,
0.890399888,,,1.371298535,,,,,,
0,,,0,,,,,,
0,,,0,,,,,,
1.428203401,,,0,,,,,,
0,,,0,,,,,,
0,,,0,,,,,,
0,,,0,,,,,,
0,,,0,,,,,,
0,,,0,,,,,,
0,,,0,,,,,,
0,,,0,,,,,,
0,,,0,,,,,,
0,,,0,,,,,,
0,,,0,,,,,,
2.327237471,,,0,,,,,,
0,,,0,,,,,,
0,,,0,,,,,,
0,,,0,,,,,,
0,,,0,,,,,,
0,,,0,,,,,,
0,,,0,,,,,,
0,,,0,,,,,,
0,,,0,,,,,,
0,,,0,,,,,,
0,,,0,,,,,,
0,,,0,,,,,,
0,,,0,,,,,,
0,,,0,,,,,,
0,,,0,,,,,,
1.530275069,,,0,,,,,,
0,,,0,,,,,,
0,,,0,,,,,,
0,,,1.490786772,,,,,,
0,,,0,,,,,,
0,,,0,,,,,,
0.792768253,,,0,,,,,,
2.81727237,,,0,,,,,,
0,,,2.638010789,,,,,,
0,,,0,,,,,,
0,,,0,,,,,,
0,,,0,,,,,,
0,,,0,,,,,,
0,,,0,,,,,,
0,,,0,,,,,,
1.332225454,,,0,,,,,,
0,,,0,,,,,,
0,,,1.185752613,,,,,,
0,,,0,,,,,,
0,,,0,,,,,,
1.377483132,,,0,,,,,,
0,,,0,,,,,,
0,,,0,,,,,,
0,,,1.346338879,,,,,,
0,,,0,,,,,,
0,,,0,,,,,,
0,,,0,,,,,,
0,,,0.853477984,,,,,,
0,,,0,,,,,,
0,,,0,,,,,,
0,,,0,,,,,,
1.123671137,,,0,,,,,,
0,,,0,,,,,,
0,,,0,,,,,,
0,,,0,,,,,,
0,,,0,,,,,,
0,,,0,,,,,,
0,,,0,,,,,,
0,,,0,,,,,,
0,,,0,,,,,,
0,,,0,,,,,,
0,,,0,,,,,,
0,,,0,,,,,,
0,,,0,,,,,,
0,,,0,,,,,,
0,,,0.979123498,,,,,,
0,,,1.011718743,,,,,,
0,,,0,,,,,,
0,,,0,,,,,,
0,,,0,,,,,,
0.980517738,,,0,,,,,,
0,,,0,,,,,,
0,,,0,,,,,,
0,,,0,,,,,,
0,,,0,,,,,,
0,,,0,,,,,,
0,,,0,,,,,,
0,,,0,,,,,,
1.281321898,,,0,,,,,,
0,,,1.442006062,,,,,,
0,,,0,,,,,,
0,,,0,,,,,,
0,,,0,,,,,,
0,,,0.78563516,,,,,,
0,,,0,,,,,,
0,,,0,,,,,,
0,,,0,,,,,,
0,,,0,,,,,,
0,,,0,,,,,,
0,,,0,,,,,,
0,,,0,,,,,,
0,,,0,,,,,,
0,,,1.339451049,,,,,,
0,,,0,,,,,,
0,,,0,,,,,,
0.996436673,,,0,,,,,,
1.93431624,,,0,,,,,,
0,,,0,,,,,,
0,,,1.150740486,,,,,,
0,,,0,,,,,,
0,,,0,,,,,,
0.904583854,,,0,,,,,,
0,,,0,,,,,,
0,,,0,,,,,,
0,,,0,,,,,,
0,,,0,,,,,,
1.120348546,,,2.001139372,,,,,,
0,,,0,,,,,,
0,,,0,,,,,,
0,,,0,,,,,,
0,,,0,,,,,,
0.827002789,,,0,,,,,,
0,,,0,,,,,,
0,,,0,,,,,,
0,,,0,,,,,,
0,,,0,,,,,,
0,,,0,,,,,,
0,,,0,,,,,,
0,,,0,,,,,,
0.845714037,,,0,,,,,,
0,,,0,,,,,,
0,,,0,,,,,,
0,,,0,,,,,,
0,,,0,,,,,,
0,,,0,,,,,,
0,,,0,,,,,,
0,,,1.432168826,,,,,,
0,,,0,,,,,,
1.295810678,,,0,,,,,,
0,,,0,,,,,,
0,,,0,,,,,,
0,,,0,,,,,,
0,,,1.164784424,,,,,,
0.991014443,,,0,,,,,,
0,,,0,,,,,,
1.312936545,,,1.881984717,,,,,,
0,,,0,,,,,,
0,,,0,,,,,,
0,,,0,,,,,,
1.12241853,,,0.710413133,,,,,,
0,,,0,,,,,,
0,,,0,,,,,,
0,,,0,,,,,,
1.321874323,,,0,,,,,,
0,,,0,,,,,,
0,,,0,,,,,,
0,,,0,,,,,,
0,,,0,,,,,,
0,,,0,,,,,,
0,,,0,,,,,,
0,,,0,,,,,,
0,,,0,,,,,,
0,,,1.440608978,,,,,,
0,,,0,,,,,,
0,,,0,,,,,,
0,,,0,,,,,,
0,,,1.998622375,,,,,,
0,,,0,,,,,,
0,,,0,,,,,,
0,,,0,,,,,,
0,,,0,,,,,,
0,,,0,,,,,,
0,,,0,,,,,,
0,,,0,,,,,,
0,,,0,,,,,,
0,,,0,,,,,,
0,,,0,,,,,,
0,,,0,,,,,,
0,,,0,,,,,,
1.451076364,,,0,,,,,,
0,,,1.048697135,,,,,,
0.924340458,,,0,,,,,,
0,,,0,,,,,,
0,,,0,,,,,,
1.066997902,,,1.615628746,,,,,,
1.026463999,,,1.544966941,,,,,,
0,,,0,,,,,,
0,,,1.154782102,,,,,,
0,,,0,,,,,,
0,,,2.371163251,,,,,,
0,,,0,,,,,,
0,,,0,,,,,,
0,,,0,,,,,,
0,,,0,,,,,,
0,,,0.857609698,,,,,,
0,,,0,,,,,,
0,,,2.714065968,,,,,,
0,,,0,,,,,,
0,,,0,,,,,,
1.275181019,,,0,,,,,,
0,,,0,,,,,,
0,,,0,,,,,,
0,,,0,,,,,,
0,,,0,,,,,,
0,,,0,,,,,,
0,,,1.088910455,,,,,,
0.774471361,,,0,,,,,,
0,,,0,,,,,,
0,,,2.093706267,,,,,,
0,,,1.303370015,,,,,,
0,,,0,,,,,,
0,,,0,,,,,,
1.061143061,,,1.597108906,,,,,,
0.886053839,,,0,,,,,,
0,,,0,,,,,,
0,,,0,,,,,,
0,,,0.972827765,,,,,,
0,,,0,,,,,,
0,,,0,,,,,,
0,,,0,,,,,,
0,,,0,,,,,,
0,,,0,,,,,,
0,,,0,,,,,,
0,,,0,,,,,,
0,,,0.887132526,,,,,,
0.314505621,,,0,,,,,,
0,,,0,,,,,,
0,,,1.162465911,,,,,,
0,,,0,,,,,,
0.67695634,,,0.690613751,,,,,,
0,,,0,,,,,,
0,,,0,,,,,,
0,,,1.613123302,,,,,,
0,,,0,,,,,,
0,,,0,,,,,,
0,,,1.539443441,,,,,,
0,,,0,,,,,,
0,,,1.01746836,,,,,,
0,,,1.676716351,,,,,,
0,,,0,,,,,,
0,,,0,,,,,,
0,,,2.783035111,,,,,,
0,,,0,,,,,,
1.700387271,,,0,,,,,,
0,,,0,,,,,,
0,,,0,,,,,,
0,,,0,,,,,,
0,,,0,,,,,,
0,,,0,,,,,,
0,,,0,,,,,,
0,,,0,,,,,,
0,,,0,,,,,,
0,,,0,,,,,,
0,,,0,,,,,,
0,,,0,,,,,,
0,,,1.79760276,,,,,,
0,,,0,,,,,,
0,,,0,,,,,,
0,,,0.807861087,,,,,,
0,,,0,,,,,,
0,,,0,,,,,,
0,,,2.399036516,,,,,,
0,,,0,,,,,,
0,,,0,,,,,,
0,,,0,,,,,,
0,,,1.902372435,,,,,,
1.762061381,,,0,,,,,,
0,,,0,,,,,,
2.629563644,,,0,,,,,,
0,,,0,,,,,,
0,,,0,,,,,,
0,,,0,,,,,,
0,,,0,,,,,,
0,,,0,,,,,,
1.052121005,,,0,,,,,,
0,,,0,,,,,,
0,,,0,,,,,,
0,,,0,,,,,,
0,,,0,,,,,,
0,,,1.61496177,,,,,,
0,,,0,,,,,,
0,,,0,,,,,,
0,,,0,,,,,,
0,,,2.438958336,,,,,,
0,,,0,,,,,,
0,,,0,,,,,,
0,,,0,,,,,,
0,,,0,,,,,,
0,,,0,,,,,,
0,,,0,,,,,,
0,,,0,,,,,,
0,,,0.872161449,,,,,,
0,,,0,,,,,,
0,,,0,,,,,,
0,,,0,,,,,,
0,,,1.065196998,,,,,,
0,,,2.18431011,,,,,,
0,,,2.181674916,,,,,,
0,,,0,,,,,,
0,,,0,,,,,,
0,,,0,,,,,,
0,,,0.625908283,,,,,,
0,,,0,,,,,,
0,,,0,,,,,,
0,,,0,,,,,,
0,,,0,,,,,,
0.876112137,,,0,,,,,,
0,,,0,,,,,,
0,,,0,,,,,,
0,,,0,,,,,,
0,,,0,,,,,,
0,,,0,,,,,,
0,,,0,,,,,,
0,,,0,,,,,,
0,,,0,,,,,,
0,,,0,,,,,,
0,,,0.835441174,,,,,,
0,,,2.879625901,,,,,,
0,,,0,,,,,,
0,,,0,,,,,,
0,,,0,,,,,,
0,,,0,,,,,,
0,,,2.02208731,,,,,,
0,,,0,,,,,,
0,,,0,,,,,,
0,,,0,,,,,,
0,,,0,,,,,,
1.713007627,,,0,,,,,,
0,,,0,,,,,,
0,,,0,,,,,,
0,,,0,,,,,,
0,,,0.920598309,,,,,,
0,,,0,,,,,,
0,,,0,,,,,,
1.3511405,,,0,,,,,,
0,,,0,,,,,,
0,,,0,,,,,,
0,,,0,,,,,,
1.310461854,,,0,,,,,,
0,,,0,,,,,,
0,,,0,,,,,,
0,,,0,,,,,,
1.349501511,,,0,,,,,,
0,,,0.777846073,,,,,,
1.167833215,,,0,,,,,,
0,,,0,,,,,,
0,,,0,,,,,,
0,,,0,,,,,,
2.959277358,,,0,,,,,,
0,,,0,,,,,,
0,,,0,,,,,,
0,,,0,,,,,,
0,,,0,,,,,,
0,,,2.328416916,,,,,,
0,,,0,,,,,,
0.675733511,,,0,,,,,,
0.646890516,,,0,,,,,,
0,,,0,,,,,,
0,,,0,,,,,,
1.066919408,,,0,,,,,,
0,,,0,,,,,,
0,,,0,,,,,,
0,,,0,,,,,,
1.557809576,,,0,,,,,,
0,,,0,,,,,,
0.773244427,,,0,,,,,,
0,,,0.865513709,,,,,,
0,,,0,,,,,,
0,,,0,,,,,,
0,,,0,,,,,,
0,,,0,,,,,,
0,,,0,,,,,,
0,,,0,,,,,,
0,,,0,,,,,,
0,,,0,,,,,,
0,,,0,,,,,,
0,,,0,,,,,,
0,,,0,,,,,,
0,,,0,,,,,,
0,,,0.876353701,,,,,,
0,,,0,,,,,,
0,,,0,,,,,,
0,,,0,,,,,,
0,,,0,,,,,,
0,,,0,,,,,,
2.96976305,,,0,,,,,,
0,,,0,,,,,,
0,,,0,,,,,,
0.571808566,,,0,,,,,,
0,,,0,,,,,,
0,,,2.284692393,,,,,,
0,,,0,,,,,,
0,,,0,,,,,,
0,,,0,,,,,,
0,,,0,,,,,,
0,,,0,,,,,,
0,,,0,,,,,,
0,,,0,,,,,,
0,,,0,,,,,,
0,,,0,,,,,,
0,,,0,,,,,,
0,,,0,,,,,,
0,,,0,,,,,,
0,,,0,,,,,,
0,,,0,,,,,,
0,,,0,,,,,,
0,,,0,,,,,,
0,,,0,,,,,,
0,,,0,,,,,,
0,,,1.381421473,,,,,,
0,,,1.597388409,,,,,,
0,,,0,,,,,,
0,,,0,,,,,,
0,,,0,,,,,,
0,,,0,,,,,,
0,,,0,,,,,,
0,,,0,,,,,,
0,,,0,,,,,,
0,,,0,,,,,,
0.711879782,,,0,,,,,,
0,,,0,,,,,,
0,,,0.687241136,,,,,,
0,,,0,,,,,,
0,,,0.983231391,,,,,,
2.058880971,,,0,,,,,,
0,,,0,,,,,,
0,,,0,,,,,,
0,,,0,,,,,,
0,,,0,,,,,,
0,,,0,,,,,,
0,,,0,,,,,,
0,,,0,,,,,,
0,,,0,,,,,,
0,,,0,,,,,,
0,,,0,,,,,,
0,,,0,,,,,,
0,,,0,,,,,,
0,,,0.934928694,,,,,,
0,,,0,,,,,,
0,,,0,,,,,,
0,,,0,,,,,,
1.152129567,,,0,,,,,,
0,,,0,,,,,,
0,,,0,,,,,,
0,,,0,,,,,,
0,,,0,,,,,,
1.039119855,,,0,,,,,,
0,,,0,,,,,,
0,,,1.753417864,,,,,,
0,,,0,,,,,,
0,,,0,,,,,,
0,,,0,,,,,,
0,,,0,,,,,,
0,,,0,,,,,,
1.477431152,,,0,,,,,,
0,,,0,,,,,,
0,,,0,,,,,,
0,,,0,,,,,,
0,,,0,,,,,,
0,,,0,,,,,,
0,,,0,,,,,,
0,,,0,,,,,,
0,,,0,,,,,,
2.488308885,,,0,,,,,,
0,,,0,,,,,,
0,,,0,,,,,,
0,,,0,,,,,,
0,,,0,,,,,,
0,,,2.658327037,,,,,,
0,,,0,,,,,,
0,,,0,,,,,,
0,,,0,,,,,,
3.070579877,,,0,,,,,,
0,,,0,,,,,,
0.629722764,,,0.639005431,,,,,,
0,,,0,,,,,,
0,,,0,,,,,,
0.819242282,,,0.82564754,,,,,,
0,,,0,,,,,,
0,,,0,,,,,,
0,,,0,,,,,,
0,,,0,,,,,,
0,,,0,,,,,,
0,,,0,,,,,,
0,,,0,,,,,,
0,,,0,,,,,,
0,,,0,,,,,,
0,,,0,,,,,,
0,,,0,,,,,,
0,,,0,,,,,,
0,,,0,,,,,,
0,,,0,,,,,,
0,,,0,,,,,,
0,,,0,,,,,,
0,,,0,,,,,,
0,,,0,,,,,,
1.13244743,,,0,,,,,,
0,,,0,,,,,,
0,,,0.997754135,,,,,,
0,,,0,,,,,,
0,,,0,,,,,,
0,,,0,,,,,,
0,,,0,,,,,,
0,,,0,,,,,,
0,,,0,,,,,,
0,,,0,,,,,,
0,,,1.072804239,,,,,,
0,,,0,,,,,,
0,,,0,,,,,,
1.083375112,,,0,,,,,,
0,,,0.810960593,,,,,,
1.000178947,,,1.864646515,,,,,,
0,,,0,,,,,,
0,,,0,,,,,,
0,,,1.397218199,,,,,,
0,,,1.154405011,,,,,,
0,,,0,,,,,,
0,,,0,,,,,,
0,,,0,,,,,,
0,,,0,,,,,,
0,,,0,,,,,,
0,,,0,,,,,,
0,,,0,,,,,,
0,,,0,,,,,,
0,,,0,,,,,,
0,,,1.533964144,,,,,,
0,,,0,,,,,,
0,,,0,,,,,,
0,,,0,,,,,,
0,,,0,,,,,,
0,,,0,,,,,,
1.644349808,,,0,,,,,,
0,,,0,,,,,,
0,,,0,,,,,,
0,,,0,,,,,,
0,,,0,,,,,,
0,,,2.237411002,,,,,,
0,,,0,,,,,,
0,,,0,,,,,,
0,,,0,,,,,,
0,,,0,,,,,,
0,,,0.87795174,,,,,,
0,,,0,,,,,,
0,,,0,,,,,,
1.073479986,,,0,,,,,,
0,,,0,,,,,,
0,,,0,,,,,,
0,,,0,,,,,,
0,,,0,,,,,,
0,,,0,,,,,,
0,,,0,,,,,,
1.145913925,,,0,,,,,,
0,,,0,,,,,,
0,,,0,,,,,,
0.816477878,,,0,,,,,,
0,,,0,,,,,,
0,,,0,,,,,,
0.685621114,,,0,,,,,,
1.001128185,,,0,,,,,,
0,,,0,,,,,,
0,,,0,,,,,,
0,,,0,,,,,,
0,,,0,,,,,,
0,,,0,,,,,,
0,,,0,,,,,,
0,,,0,,,,,,
1.490178202,,,0,,,,,,
0,,,0,,,,,,
0,,,0,,,,,,
0,,,0,,,,,,
0,,,0,,,,,,
0,,,0,,,,,,
0,,,0,,,,,,
0,,,1.297529945,,,,,,
0,,,0,,,,,,
1.483356892,,,0,,,,,,
0,,,0,,,,,,
0,,,0,,,,,,
0,,,1.125324353,,,,,,
0,,,0,,,,,,
0,,,2.590116603,,,,,,
0,,,0,,,,,,
0,,,1.814438957,,,,,,
1.210465453,,,0.785578997,,,,,,
0,,,1.612632459,,,,,,
0,,,0,,,,,,
0,,,0,,,,,,
1.099446318,,,0,,,,,,
0,,,0,,,,,,
0,,,0,,,,,,
0,,,0,,,,,,
0.76765549,,,0,,,,,,
0,,,0,,,,,,
0,,,0,,,,,,
0,,,0,,,,,,
0,,,0,,,,,,
0.841368576,,,0,,,,,,
0,,,0,,,,,,
0,,,0,,,,,,
0,,,0,,,,,,
0,,,0,,,,,,
0,,,0,,,,,,
0,,,0,,,,,,
0,,,0,,,,,,
0,,,0,,,,,,
0,,,1.439375774,,,,,,
0,,,0,,,,,,
0,,,0,,,,,,
0,,,1.413904462,,,,,,
0,,,0,,,,,,
1.090107235,,,0,,,,,,
0,,,0,,,,,,
0,,,0,,,,,,
0,,,0,,,,,,
0,,,0,,,,,,
0,,,0,,,,,,
0,,,0,,,,,,
0,,,0,,,,,,
0,,,0,,,,,,
0,,,1.696000688,,,,,,
0,,,0,,,,,,
0,,,0,,,,,,
0,,,0,,,,,,
0.835487377,,,0,,,,,,
0,,,0,,,,,,
0,,,0,,,,,,
0,,,0,,,,,,
0,,,0,,,,,,
0,,,0,,,,,,
0,,,1.959938479,,,,,,
0,,,0,,,,,,
0,,,0,,,,,,
0,,,0,,,,,,
1.201371901,,,0,,,,,,
0.910983363,,,0,,,,,,
0,,,1.000639576,,,,,,
0,,,0,,,,,,
0,,,1.176337889,,,,,,
0,,,0,,,,,,
0,,,1.039718057,,,,,,
0,,,0,,,,,,
0,,,0,,,,,,
0,,,0,,,,,,
0,,,0,,,,,,
0,,,0,,,,,,
0,,,0,,,,,,
0,,,0,,,,,,
0,,,0,,,,,,
0,,,0,,,,,,
0,,,0.905421937,,,,,,
0,,,0,,,,,,
0,,,0,,,,,,
0,,,1.843978906,,,,,,
0,,,0,,,,,,
0,,,0,,,,,,
0,,,0,,,,,,
0,,,0,,,,,,
0,,,0,,,,,,
0,,,0,,,,,,
0,,,0,,,,,,
0,,,0,,,,,,
0,,,0,,,,,,
0,,,0,,,,,,
0,,,0,,,,,,
0,,,0,,,,,,
0,,,0,,,,,,
0,,,0,,,,,,
0,,,0.852742138,,,,,,
0,,,0,,,,,,
0,,,1.395514833,,,,,,
0,,,0,,,,,,
0,,,2.021865932,,,,,,
0,,,1.003262703,,,,,,
0,,,0,,,,,,
0,,,0,,,,,,
0,,,0,,,,,,
0,,,0.899880728,,,,,,
0,,,0,,,,,,
0,,,0,,,,,,
0,,,0,,,,,,
0,,,0,,,,,,
0,,,0,,,,,,
0,,,0,,,,,,
0,,,0,,,,,,
0,,,0,,,,,,
0,,,0,,,,,,
0,,,0,,,,,,
0,,,0,,,,,,
0,,,0,,,,,,
0,,,0,,,,,,
0,,,1.858407872,,,,,,
0,,,0,,,,,,
0,,,0,,,,,,
0,,,0,,,,,,
0,,,0,,,,,,
0,,,0,,,,,,
0,,,0,,,,,,
0,,,0,,,,,,
0,,,0,,,,,,
0,,,0,,,,,,
0,,,0,,,,,,
0,,,0,,,,,,
0,,,0,,,,,,
0,,,0,,,,,,
0,,,0,,,,,,
0,,,0,,,,,,
0,,,1.523558136,,,,,,
0,,,0,,,,,,
0,,,1.064992824,,,,,,
1.248946475,,,0,,,,,,
0,,,0,,,,,,
0,,,0,,,,,,
0,,,0,,,,,,
0,,,0,,,,,,
0.767393245,,,0,,,,,,
0,,,0,,,,,,
0,,,0,,,,,,
0,,,0,,,,,,
1.764272381,,,0,,,,,,
0,,,1.365006732,,,,,,
0,,,0,,,,,,
0,,,0,,,,,,
0,,,1.43164114,,,,,,
0,,,0,,,,,,
0,,,0,,,,,,
0,,,0,,,,,,
0,,,0,,,,,,
0,,,0,,,,,,
0,,,0,,,,,,
0,,,0,,,,,,
0,,,0,,,,,,
0,,,0.933704605,,,,,,
0,,,0,,,,,,
0,,,0,,,,,,
0,,,0,,,,,,
0,,,0,,,,,,
0,,,1.060973051,,,,,,
0,,,0,,,,,,
0,,,0,,,,,,
0,,,0,,,,,,
0,,,0,,,,,,
0.890271158,,,0,,,,,,
0,,,0,,,,,,
0,,,0,,,,,,
0,,,0,,,,,,
0,,,0,,,,,,
0,,,0,,,,,,
0,,,0,,,,,,
0,,,0,,,,,,
0,,,0,,,,,,
0,,,0,,,,,,
0,,,1.589772263,,,,,,
0,,,0,,,,,,
0,,,0,,,,,,
0,,,0,,,,,,
0,,,0,,,,,,
0,,,0,,,,,,
0,,,0.917873392,,,,,,
0,,,0,,,,,,
0,,,1.16396882,,,,,,
0,,,0,,,,,,
0,,,0,,,,,,
0,,,0,,,,,,
0,,,0,,,,,,
0,,,0,,,,,,
0,,,0,,,,,,
0,,,0,,,,,,
0.690067776,,,0,,,,,,
0,,,0,,,,,,
0,,,1.282104276,,,,,,
0,,,0,,,,,,
0,,,0,,,,,,
0,,,0,,,,,,
0,,,1.161297479,,,,,,
0,,,0,,,,,,
0,,,0,,,,,,
0,,,0,,,,,,
0,,,0,,,,,,
0,,,0,,,,,,
0,,,0,,,,,,
0,,,0,,,,,,
1.372125902,,,0,,,,,,
0,,,0,,,,,,
0,,,0,,,,,,
0,,,0,,,,,,
0,,,0,,,,,,
0,,,0,,,,,,
0,,,0,,,,,,
0,,,0,,,,,,
0,,,0,,,,,,
2.819052796,,,0,,,,,,
0,,,0,,,,,,
0,,,0,,,,,,
0,,,0,,,,,,
0,,,0,,,,,,
0,,,0,,,,,,
0,,,0,,,,,,
0,,,0,,,,,,
1.130522807,,,0,,,,,,
0,,,0,,,,,,
0,,,0,,,,,,
0,,,0,,,,,,
0.959174881,,,0,,,,,,
0,,,0,,,,,,
0,,,2.416912191,,,,,,
0,,,0,,,,,,
0,,,0,,,,,,
0,,,0,,,,,,
0,,,0,,,,,,
0,,,1.396271263,,,,,,
0,,,0,,,,,,
0,,,0,,,,,,
0,,,0,,,,,,
0,,,0,,,,,,
0,,,0,,,,,,
0,,,0,,,,,,
0,,,0,,,,,,
0,,,1.807737663,,,,,,
0,,,0,,,,,,
0,,,0,,,,,,
0,,,0,,,,,,
0,,,0,,,,,,
0,,,0,,,,,,
0,,,1.111816026,,,,,,
0,,,0,,,,,,
0,,,0,,,,,,
0,,,0,,,,,,
0,,,0.925333326,,,,,,
0,,,0,,,,,,
0,,,0,,,,,,
0,,,0.995136233,,,,,,
0,,,0,,,,,,
0,,,1.248766102,,,,,,
0,,,0,,,,,,
0,,,0,,,,,,
0,,,0,,,,,,
0,,,0,,,,,,
0,,,0,,,,,,
0,,,0,,,,,,
0,,,0,,,,,,
0,,,0,,,,,,
0,,,1.307741032,,,,,,
0,,,1.014108717,,,,,,
0,,,0,,,,,,
0,,,0,,,,,,
0,,,0,,,,,,
0,,,1.373878079,,,,,,
0,,,0,,,,,,
0,,,0,,,,,,
0,,,0,,,,,,
0,,,0,,,,,,
0.886328986,,,0,,,,,,
0,,,0,,,,,,
0,,,0.812722981,,,,,,
0,,,0,,,,,,
0.680574947,,,0,,,,,,
0,,,0,,,,,,
0,,,0,,,,,,
0,,,0,,,,,,
0,,,1.589940358,,,,,,
0,,,0,,,,,,
0,,,0,,,,,,
0,,,0,,,,,,
0,,,0,,,,,,
1.21767253,,,0,,,,,,
0,,,0,,,,,,
0.960999545,,,0,,,,,,
0,,,0,,,,,,
0,,,0.946479409,,,,,,
0,,,0,,,,,,
0,,,0,,,,,,
0,,,0,,,,,,
0,,,0,,,,,,
0,,,0,,,,,,
0,,,0.90112908,,,,,,
0,,,0,,,,,,
0,,,0,,,,,,
0,,,0,,,,,,
0,,,0,,,,,,
0,,,0,,,,,,
0,,,0,,,,,,
0,,,0,,,,,,
0,,,0,,,,,,
0,,,0,,,,,,
1.057539875,,,1.136697449,,,,,,
0,,,0,,,,,,
0,,,0,,,,,,
0,,,0,,,,,,
0,,,0,,,,,,
0,,,0,,,,,,
0,,,1.046500992,,,,,,
0,,,1.78090071,,,,,,
0,,,0,,,,,,
0,,,0,,,,,,
0,,,0,,,,,,
0,,,0,,,,,,
0,,,0,,,,,,
0,,,1.912756102,,,,,,
0,,,0,,,,,,
0,,,0,,,,,,
0,,,0,,,,,,
0,,,1.523361589,,,,,,
0,,,0,,,,,,
0,,,0,,,,,,
0,,,0,,,,,,
0,,,0,,,,,,
0,,,0,,,,,,
0,,,0,,,,,,
0,,,0,,,,,,
0,,,0,,,,,,
0,,,0,,,,,,
0,,,0,,,,,,
0,,,0,,,,,,
1.160194091,,,0,,,,,,
0,,,0,,,,,,
0,,,0,,,,,,
0,,,1.453653398,,,,,,
0,,,0,,,,,,
0,,,0,,,,,,
0,,,0,,,,,,
0,,,0,,,,,,
0,,,0,,,,,,
0,,,0,,,,,,
0,,,0,,,,,,
0,,,1.733429919,,,,,,
0,,,0,,,,,,
0,,,0,,,,,,
0,,,0,,,,,,
0,,,0,,,,,,
0,,,0,,,,,,
0,,,0,,,,,,
0,,,0,,,,,,
0,,,0,,,,,,
0,,,1.060424972,,,,,,
0,,,1.081530904,,,,,,
0,,,0,,,,,,
0,,,0,,,,,,
0,,,0,,,,,,
0,,,0,,,,,,
0,,,0,,,,,,
0,,,1.022525127,,,,,,
1.5494356,,,0,,,,,,
0,,,0.760531234,,,,,,
0,,,0,,,,,,
0,,,0.817515814,,,,,,
0,,,0,,,,,,
0,,,0,,,,,,
0,,,0,,,,,,
1.085993107,,,0,,,,,,
0,,,0,,,,,,
0,,,0,,,,,,
0,,,0,,,,,,
0,,,0,,,,,,
0,,,0.88561094,,,,,,
0,,,0.806021917,,,,,,
0,,,0,,,,,,
1.026608781,,,0,,,,,,
0,,,0,,,,,,
0,,,0,,,,,,
0,,,0,,,,,,
0,,,0,,,,,,
0,,,0,,,,,,
0,,,0,,,,,,
0.974322937,,,0,,,,,,
0,,,0,,,,,,
0,,,0,,,,,,
0,,,0,,,,,,
2.30371107,,,0,,,,,,
0,,,0.740967464,,,,,,
0,,,0,,,,,,
2.09693638,,,0,,,,,,
0,,,0,,,,,,
0,,,0,,,,,,
0,,,0,,,,,,
0,,,0,,,,,,
0,,,0,,,,,,
0,,,1.543558075,,,,,,
0,,,0.702986093,,,,,,
0,,,1.635066744,,,,,,
0,,,0,,,,,,
0,,,0,,,,,,
0,,,0,,,,,,
0,,,0,,,,,,
0,,,0,,,,,,
0,,,1.382303259,,,,,,
0,,,0,,,,,,
0,,,0,,,,,,
0,,,1.060292361,,,,,,
0,,,0,,,,,,
0,,,0,,,,,,
1.13329894,,,0,,,,,,
0,,,0,,,,,,
0,,,0,,,,,,
0,,,0,,,,,,
0,,,0,,,,,,
0,,,0,,,,,,
2.250003857,,,0,,,,,,
0,,,0.79885223,,,,,,
3.204155062,,,0,,,,,,
0,,,0,,,,,,
0,,,0,,,,,,
0,,,0,,,,,,
0,,,0,,,,,,
0,,,0,,,,,,
0,,,0,,,,,,
0,,,0,,,,,,
0,,,0,,,,,,
0,,,0,,,,,,
0,,,0.908740128,,,,,,
0,,,0,,,,,,
0,,,0.881212259,,,,,,
0,,,0,,,,,,
0,,,0,,,,,,
0,,,0,,,,,,
0,,,0.901384623,,,,,,
0,,,0.784318607,,,,,,
0,,,0,,,,,,
0,,,0,,,,,,
0,,,0,,,,,,
0,,,0,,,,,,
0,,,0,,,,,,
0,,,0,,,,,,
0,,,0,,,,,,
0,,,0,,,,,,
0,,,0,,,,,,
0,,,0,,,,,,
0,,,0,,,,,,
0,,,0,,,,,,
0.933066997,,,0,,,,,,
0,,,0,,,,,,
0,,,0,,,,,,
0,,,0,,,,,,
0,,,0,,,,,,
0.753866656,,,0.774776724,,,,,,
0,,,0,,,,,,
0,,,0,,,,,,
0,,,0,,,,,,
0,,,1.121701538,,,,,,
0,,,0,,,,,,
1.092930478,,,0,,,,,,
1.638357273,,,0,,,,,,
0,,,2.133872432,,,,,,
0,,,1.180518013,,,,,,
0,,,0,,,,,,
0,,,0,,,,,,
0,,,0,,,,,,
0,,,0,,,,,,
0,,,1.121457456,,,,,,
0,,,0,,,,,,
1.12048299,,,0,,,,,,
0,,,0,,,,,,
0,,,0,,,,,,
0,,,0,,,,,,
0.28011372,,,0,,,,,,
0,,,0,,,,,,
0,,,0,,,,,,
0,,,0,,,,,,
0.751847327,,,0,,,,,,
0,,,0,,,,,,
0,,,0,,,,,,
0,,,0,,,,,,
0.675399524,,,0,,,,,,
0,,,0.902092224,,,,,,
0,,,0,,,,,,
1.43204199,,,0,,,,,,
0,,,0,,,,,,
0,,,0,,,,,,
0.748967732,,,0,,,,,,
0,,,0,,,,,,
0,,,0,,,,,,
